customer_id,name,home_city,home_lat,home_lon,account_age_days,avg_monthly_spend,risk_segment
CUST100000,Customer 0000,Bangalore,12.9716,77.5946,3184,7461.11,Low
CUST100001,Customer 0001,Delhi,28.7041,77.1025,3102,14400.11,Low
CUST100002,Customer 0002,Chennai,13.0827,80.2707,476,10060.47,Low
CUST100003,Customer 0003,Bangalore,12.9716,77.5946,2929,5677.19,Low
CUST100004,Customer 0004,Hyderabad,17.385,78.4867,1695,11196.67,Low
CUST100005,Customer 0005,Mumbai,19.076,72.8777,2443,9658.27,Low
CUST100006,Customer 0006,Hyderabad,17.385,78.4867,2334,23354.0,Low
CUST100007,Customer 0007,Kolkata,22.5726,88.3639,2914,24204.88,Low
CUST100008,Customer 0008,Delhi,28.7041,77.1025,1092,7556.31,Medium
CUST100009,Customer 0009,Hyderabad,17.385,78.4867,1816,9917.57,Medium
CUST100010,Customer 0010,Chennai,13.0827,80.2707,2744,23626.02,Low
CUST100011,Customer 0011,Pune,18.5204,73.8567,3566,4776.46,Low
CUST100012,Customer 0012,Mumbai,19.076,72.8777,2445,13313.73,High
CUST100013,Customer 0013,Pune,18.5204,73.8567,2071,7206.61,Low
CUST100014,Customer 0014,Kolkata,22.5726,88.3639,1373,18129.33,Low
CUST100015,Customer 0015,Pune,18.5204,73.8567,3013,10578.75,Low
CUST100016,Customer 0016,Hyderabad,17.385,78.4867,2263,5142.05,Low
CUST100017,Customer 0017,Bangalore,12.9716,77.5946,1595,4353.28,High
CUST100018,Customer 0018,Kolkata,22.5726,88.3639,1139,19507.59,Low
CUST100019,Customer 0019,Delhi,28.7041,77.1025,1510,16253.96,Medium
CUST100020,Customer 0020,Pune,18.5204,73.8567,1285,11825.65,Low
CUST100021,Customer 0021,Bangalore,12.9716,77.5946,2353,14065.71,Low
CUST100022,Customer 0022,Mumbai,19.076,72.8777,801,15577.84,Medium
CUST100023,Customer 0023,Bangalore,12.9716,77.5946,773,3531.3,Medium
CUST100024,Customer 0024,Bangalore,12.9716,77.5946,74,16107.66,Low
CUST100025,Customer 0025,Ahmedabad,23.0225,72.5714,2578,6827.85,Low
CUST100026,Customer 0026,Pune,18.5204,73.8567,1172,15181.75,Low
CUST100027,Customer 0027,Pune,18.5204,73.8567,401,17639.76,Low
CUST100028,Customer 0028,Delhi,28.7041,77.1025,2288,16397.36,Low
CUST100029,Customer 0029,Bangalore,12.9716,77.5946,3109,12980.08,Low
CUST100030,Customer 0030,Chennai,13.0827,80.2707,3129,18392.05,Low
CUST100031,Customer 0031,Mumbai,19.076,72.8777,1761,18153.21,Low
CUST100032,Customer 0032,Kolkata,22.5726,88.3639,1580,26385.6,Low
CUST100033,Customer 0033,Mumbai,19.076,72.8777,2670,5656.04,Low
CUST100034,Customer 0034,Hyderabad,17.385,78.4867,2852,16652.82,Low
CUST100035,Customer 0035,Hyderabad,17.385,78.4867,1048,9713.29,Medium
CUST100036,Customer 0036,Kolkata,22.5726,88.3639,873,5521.07,Low
CUST100037,Customer 0037,Mumbai,19.076,72.8777,573,27203.51,Medium
CUST100038,Customer 0038,Pune,18.5204,73.8567,2288,14927.08,Low
CUST100039,Customer 0039,Ahmedabad,23.0225,72.5714,3252,25167.16,Low
CUST100040,Customer 0040,Ahmedabad,23.0225,72.5714,2739,17002.69,Low
CUST100041,Customer 0041,Chennai,13.0827,80.2707,3070,12435.83,Low
CUST100042,Customer 0042,Delhi,28.7041,77.1025,1991,12855.77,Low
CUST100043,Customer 0043,Kolkata,22.5726,88.3639,1539,8666.56,Medium
CUST100044,Customer 0044,Kolkata,22.5726,88.3639,1418,5970.51,Low
CUST100045,Customer 0045,Chennai,13.0827,80.2707,2690,12720.19,Low
CUST100046,Customer 0046,Bangalore,12.9716,77.5946,1489,12464.35,Medium
CUST100047,Customer 0047,Bangalore,12.9716,77.5946,327,8286.13,Low
CUST100048,Customer 0048,Chennai,13.0827,80.2707,2008,8887.31,Medium
CUST100049,Customer 0049,Kolkata,22.5726,88.3639,1641,2007.31,Low
CUST100050,Customer 0050,Kolkata,22.5726,88.3639,2499,21233.87,Low
CUST100051,Customer 0051,Ahmedabad,23.0225,72.5714,3591,19456.2,Low
CUST100052,Customer 0052,Hyderabad,17.385,78.4867,3009,18669.96,Low
CUST100053,Customer 0053,Bangalore,12.9716,77.5946,2170,10251.65,Low
CUST100054,Customer 0054,Delhi,28.7041,77.1025,1769,13081.89,Medium
CUST100055,Customer 0055,Pune,18.5204,73.8567,3484,13030.47,Low
CUST100056,Customer 0056,Kolkata,22.5726,88.3639,1743,29461.53,Low
CUST100057,Customer 0057,Hyderabad,17.385,78.4867,845,9327.06,High
CUST100058,Customer 0058,Delhi,28.7041,77.1025,303,6768.49,High
CUST100059,Customer 0059,Chennai,13.0827,80.2707,2941,10372.84,Low
CUST100060,Customer 0060,Bangalore,12.9716,77.5946,2201,12147.37,Medium
CUST100061,Customer 0061,Delhi,28.7041,77.1025,1157,28940.88,Medium
CUST100062,Customer 0062,Mumbai,19.076,72.8777,2821,11204.36,Low
CUST100063,Customer 0063,Chennai,13.0827,80.2707,2460,17577.53,Low
CUST100064,Customer 0064,Hyderabad,17.385,78.4867,1744,15130.62,Low
CUST100065,Customer 0065,Ahmedabad,23.0225,72.5714,2986,13713.81,Low
CUST100066,Customer 0066,Pune,18.5204,73.8567,1812,1300.6,Medium
CUST100067,Customer 0067,Delhi,28.7041,77.1025,2530,12067.15,Low
CUST100068,Customer 0068,Mumbai,19.076,72.8777,272,3743.2,Medium
CUST100069,Customer 0069,Bangalore,12.9716,77.5946,2403,10752.03,Low
CUST100070,Customer 0070,Ahmedabad,23.0225,72.5714,2954,13329.42,Medium
CUST100071,Customer 0071,Chennai,13.0827,80.2707,462,12455.86,Low
CUST100072,Customer 0072,Ahmedabad,23.0225,72.5714,3180,16631.86,Medium
CUST100073,Customer 0073,Chennai,13.0827,80.2707,2265,15231.1,Low
CUST100074,Customer 0074,Kolkata,22.5726,88.3639,1453,20755.11,High
CUST100075,Customer 0075,Mumbai,19.076,72.8777,263,11849.91,Low
CUST100076,Customer 0076,Kolkata,22.5726,88.3639,966,4529.05,High
CUST100077,Customer 0077,Pune,18.5204,73.8567,170,10634.97,Low
CUST100078,Customer 0078,Ahmedabad,23.0225,72.5714,1537,8353.62,Low
CUST100079,Customer 0079,Mumbai,19.076,72.8777,1168,5544.95,Low
CUST100080,Customer 0080,Hyderabad,17.385,78.4867,964,19634.23,Low
CUST100081,Customer 0081,Mumbai,19.076,72.8777,3456,14593.87,Low
CUST100082,Customer 0082,Hyderabad,17.385,78.4867,572,3567.88,Low
CUST100083,Customer 0083,Hyderabad,17.385,78.4867,3364,2359.02,Low
CUST100084,Customer 0084,Hyderabad,17.385,78.4867,2936,6033.91,Medium
CUST100085,Customer 0085,Bangalore,12.9716,77.5946,462,10636.02,Low
CUST100086,Customer 0086,Delhi,28.7041,77.1025,1225,3344.47,Low
CUST100087,Customer 0087,Mumbai,19.076,72.8777,26,10591.18,Low
CUST100088,Customer 0088,Ahmedabad,23.0225,72.5714,2575,11960.72,Low
CUST100089,Customer 0089,Ahmedabad,23.0225,72.5714,1778,9854.68,Medium
CUST100090,Customer 0090,Mumbai,19.076,72.8777,616,13057.12,Low
CUST100091,Customer 0091,Kolkata,22.5726,88.3639,1002,9308.36,Low
CUST100092,Customer 0092,Kolkata,22.5726,88.3639,1194,7853.72,Low
CUST100093,Customer 0093,Hyderabad,17.385,78.4867,137,4084.83,Low
CUST100094,Customer 0094,Bangalore,12.9716,77.5946,1356,3193.41,Low
CUST100095,Customer 0095,Pune,18.5204,73.8567,635,11051.42,Medium
CUST100096,Customer 0096,Bangalore,12.9716,77.5946,794,4807.2,Low
CUST100097,Customer 0097,Mumbai,19.076,72.8777,3474,5548.7,Low
CUST100098,Customer 0098,Chennai,13.0827,80.2707,2816,22479.93,Low
CUST100099,Customer 0099,Delhi,28.7041,77.1025,1851,14397.04,Low
CUST100100,Customer 0100,Bangalore,12.9716,77.5946,2378,60812.21,Low
CUST100101,Customer 0101,Bangalore,12.9716,77.5946,409,11119.39,Low
CUST100102,Customer 0102,Hyderabad,17.385,78.4867,1992,8209.68,High
CUST100103,Customer 0103,Mumbai,19.076,72.8777,584,8191.3,Low
CUST100104,Customer 0104,Ahmedabad,23.0225,72.5714,1087,15049.62,Low
CUST100105,Customer 0105,Kolkata,22.5726,88.3639,2670,24450.08,Medium
CUST100106,Customer 0106,Chennai,13.0827,80.2707,14,11528.58,Low
CUST100107,Customer 0107,Kolkata,22.5726,88.3639,783,10967.12,Low
CUST100108,Customer 0108,Ahmedabad,23.0225,72.5714,2880,6951.44,Low
CUST100109,Customer 0109,Ahmedabad,23.0225,72.5714,2713,10765.89,Low
CUST100110,Customer 0110,Delhi,28.7041,77.1025,666,13822.69,Low
CUST100111,Customer 0111,Hyderabad,17.385,78.4867,1820,6282.24,Low
CUST100112,Customer 0112,Hyderabad,17.385,78.4867,126,9934.63,Low
CUST100113,Customer 0113,Hyderabad,17.385,78.4867,1160,6377.73,Low
CUST100114,Customer 0114,Ahmedabad,23.0225,72.5714,522,25614.11,Low
CUST100115,Customer 0115,Chennai,13.0827,80.2707,1129,26853.54,Low
CUST100116,Customer 0116,Bangalore,12.9716,77.5946,906,13536.7,Medium
CUST100117,Customer 0117,Bangalore,12.9716,77.5946,713,31400.31,Low
CUST100118,Customer 0118,Mumbai,19.076,72.8777,3157,18931.86,Low
CUST100119,Customer 0119,Mumbai,19.076,72.8777,3516,9189.96,Low
CUST100120,Customer 0120,Hyderabad,17.385,78.4867,2489,28162.26,Low
CUST100121,Customer 0121,Kolkata,22.5726,88.3639,1645,9100.49,Low
CUST100122,Customer 0122,Pune,18.5204,73.8567,2579,4415.88,Medium
CUST100123,Customer 0123,Mumbai,19.076,72.8777,3181,9849.68,Low
CUST100124,Customer 0124,Pune,18.5204,73.8567,2499,7904.92,Low
CUST100125,Customer 0125,Kolkata,22.5726,88.3639,1025,5454.18,Low
CUST100126,Customer 0126,Delhi,28.7041,77.1025,1792,13978.79,Low
CUST100127,Customer 0127,Bangalore,12.9716,77.5946,905,20304.0,Low
CUST100128,Customer 0128,Bangalore,12.9716,77.5946,2437,14527.89,Low
CUST100129,Customer 0129,Mumbai,19.076,72.8777,966,15811.55,Low
CUST100130,Customer 0130,Chennai,13.0827,80.2707,1450,11137.01,Medium
CUST100131,Customer 0131,Bangalore,12.9716,77.5946,1076,12609.39,Medium
CUST100132,Customer 0132,Pune,18.5204,73.8567,785,7094.31,Low
CUST100133,Customer 0133,Ahmedabad,23.0225,72.5714,3027,7096.61,Medium
CUST100134,Customer 0134,Delhi,28.7041,77.1025,1526,8509.05,Low
CUST100135,Customer 0135,Hyderabad,17.385,78.4867,3457,16905.98,Low
CUST100136,Customer 0136,Delhi,28.7041,77.1025,3475,15330.61,Medium
CUST100137,Customer 0137,Bangalore,12.9716,77.5946,2977,2732.38,Medium
CUST100138,Customer 0138,Chennai,13.0827,80.2707,1697,4515.36,Low
CUST100139,Customer 0139,Bangalore,12.9716,77.5946,46,16479.99,Low
CUST100140,Customer 0140,Chennai,13.0827,80.2707,2924,4930.36,Low
CUST100141,Customer 0141,Mumbai,19.076,72.8777,1306,8675.95,Low
CUST100142,Customer 0142,Mumbai,19.076,72.8777,406,12927.31,Low
CUST100143,Customer 0143,Delhi,28.7041,77.1025,860,9838.96,Low
CUST100144,Customer 0144,Delhi,28.7041,77.1025,153,2720.87,Medium
CUST100145,Customer 0145,Hyderabad,17.385,78.4867,2948,8006.41,Low
CUST100146,Customer 0146,Kolkata,22.5726,88.3639,3646,15284.82,Medium
CUST100147,Customer 0147,Hyderabad,17.385,78.4867,1075,15319.93,Low
CUST100148,Customer 0148,Chennai,13.0827,80.2707,2455,2010.71,Low
CUST100149,Customer 0149,Delhi,28.7041,77.1025,244,26913.76,Low
CUST100150,Customer 0150,Ahmedabad,23.0225,72.5714,760,13597.66,Low
CUST100151,Customer 0151,Kolkata,22.5726,88.3639,3334,7391.89,Low
CUST100152,Customer 0152,Bangalore,12.9716,77.5946,1207,8079.3,Low
CUST100153,Customer 0153,Chennai,13.0827,80.2707,2691,12054.19,Low
CUST100154,Customer 0154,Pune,18.5204,73.8567,2086,3728.27,Low
CUST100155,Customer 0155,Chennai,13.0827,80.2707,520,3861.48,Low
CUST100156,Customer 0156,Hyderabad,17.385,78.4867,1334,6889.63,Low
CUST100157,Customer 0157,Hyderabad,17.385,78.4867,2502,22245.68,Medium
CUST100158,Customer 0158,Mumbai,19.076,72.8777,2224,17306.88,Low
CUST100159,Customer 0159,Bangalore,12.9716,77.5946,3532,9655.69,Low
CUST100160,Customer 0160,Kolkata,22.5726,88.3639,763,6801.59,High
CUST100161,Customer 0161,Chennai,13.0827,80.2707,838,10354.94,Medium
CUST100162,Customer 0162,Mumbai,19.076,72.8777,1968,14431.36,Medium
CUST100163,Customer 0163,Chennai,13.0827,80.2707,1224,24137.54,Medium
CUST100164,Customer 0164,Hyderabad,17.385,78.4867,3490,8578.27,Low
CUST100165,Customer 0165,Pune,18.5204,73.8567,3637,13944.18,Medium
CUST100166,Customer 0166,Kolkata,22.5726,88.3639,2230,12198.41,Medium
CUST100167,Customer 0167,Mumbai,19.076,72.8777,1260,10749.13,Low
CUST100168,Customer 0168,Bangalore,12.9716,77.5946,3522,33506.61,Low
CUST100169,Customer 0169,Hyderabad,17.385,78.4867,3496,13546.24,Medium
CUST100170,Customer 0170,Mumbai,19.076,72.8777,3647,17439.45,Low
CUST100171,Customer 0171,Ahmedabad,23.0225,72.5714,1045,11909.63,Low
CUST100172,Customer 0172,Mumbai,19.076,72.8777,2841,9958.35,Low
CUST100173,Customer 0173,Mumbai,19.076,72.8777,1041,18399.22,Low
CUST100174,Customer 0174,Delhi,28.7041,77.1025,2733,1938.83,Medium
CUST100175,Customer 0175,Delhi,28.7041,77.1025,2789,7587.82,Low
CUST100176,Customer 0176,Kolkata,22.5726,88.3639,749,2416.02,Low
CUST100177,Customer 0177,Pune,18.5204,73.8567,2789,13213.86,Medium
CUST100178,Customer 0178,Bangalore,12.9716,77.5946,2966,4158.19,Medium
CUST100179,Customer 0179,Delhi,28.7041,77.1025,3323,27659.35,Low
CUST100180,Customer 0180,Delhi,28.7041,77.1025,1038,10193.03,Low
CUST100181,Customer 0181,Kolkata,22.5726,88.3639,233,8927.36,Low
CUST100182,Customer 0182,Pune,18.5204,73.8567,1812,22179.22,Low
CUST100183,Customer 0183,Bangalore,12.9716,77.5946,1494,12159.81,Low
CUST100184,Customer 0184,Mumbai,19.076,72.8777,1678,7805.25,Low
CUST100185,Customer 0185,Kolkata,22.5726,88.3639,1470,24858.44,Low
CUST100186,Customer 0186,Mumbai,19.076,72.8777,92,15094.12,Low
CUST100187,Customer 0187,Bangalore,12.9716,77.5946,3159,6927.27,Medium
CUST100188,Customer 0188,Pune,18.5204,73.8567,1479,6344.12,Low
CUST100189,Customer 0189,Bangalore,12.9716,77.5946,497,3456.33,Low
CUST100190,Customer 0190,Delhi,28.7041,77.1025,2211,21378.25,Low
CUST100191,Customer 0191,Kolkata,22.5726,88.3639,447,11434.67,Low
CUST100192,Customer 0192,Delhi,28.7041,77.1025,1087,24346.69,Low
CUST100193,Customer 0193,Mumbai,19.076,72.8777,3047,9121.68,Low
CUST100194,Customer 0194,Kolkata,22.5726,88.3639,3384,18354.74,Low
CUST100195,Customer 0195,Chennai,13.0827,80.2707,1262,23648.94,Low
CUST100196,Customer 0196,Delhi,28.7041,77.1025,3503,17489.4,Low
CUST100197,Customer 0197,Hyderabad,17.385,78.4867,2795,19181.52,Low
CUST100198,Customer 0198,Mumbai,19.076,72.8777,2916,2809.31,Low
CUST100199,Customer 0199,Pune,18.5204,73.8567,2027,12028.07,Low
CUST100200,Customer 0200,Ahmedabad,23.0225,72.5714,1029,1842.04,Low
CUST100201,Customer 0201,Ahmedabad,23.0225,72.5714,3187,2960.52,Medium
CUST100202,Customer 0202,Chennai,13.0827,80.2707,2603,10307.93,Low
CUST100203,Customer 0203,Delhi,28.7041,77.1025,1483,19808.88,Low
CUST100204,Customer 0204,Pune,18.5204,73.8567,1916,3750.64,Low
CUST100205,Customer 0205,Mumbai,19.076,72.8777,3264,2794.88,Low
CUST100206,Customer 0206,Mumbai,19.076,72.8777,909,23769.57,Medium
CUST100207,Customer 0207,Chennai,13.0827,80.2707,1729,18595.39,Low
CUST100208,Customer 0208,Mumbai,19.076,72.8777,681,9202.22,High
CUST100209,Customer 0209,Bangalore,12.9716,77.5946,2691,15218.39,Low
CUST100210,Customer 0210,Mumbai,19.076,72.8777,691,7572.38,Low
CUST100211,Customer 0211,Kolkata,22.5726,88.3639,1438,25868.24,Low
CUST100212,Customer 0212,Mumbai,19.076,72.8777,3127,35011.95,Low
CUST100213,Customer 0213,Hyderabad,17.385,78.4867,1111,4523.02,Medium
CUST100214,Customer 0214,Bangalore,12.9716,77.5946,2104,4740.87,Medium
CUST100215,Customer 0215,Mumbai,19.076,72.8777,2296,4495.2,Low
CUST100216,Customer 0216,Ahmedabad,23.0225,72.5714,346,10941.14,Low
CUST100217,Customer 0217,Mumbai,19.076,72.8777,1290,11896.73,Medium
CUST100218,Customer 0218,Bangalore,12.9716,77.5946,312,6361.92,Low
CUST100219,Customer 0219,Ahmedabad,23.0225,72.5714,735,16517.11,Low
CUST100220,Customer 0220,Pune,18.5204,73.8567,3467,6338.29,High
CUST100221,Customer 0221,Ahmedabad,23.0225,72.5714,535,17389.9,Low
CUST100222,Customer 0222,Kolkata,22.5726,88.3639,1541,14048.78,Medium
CUST100223,Customer 0223,Ahmedabad,23.0225,72.5714,3587,4705.03,Medium
CUST100224,Customer 0224,Ahmedabad,23.0225,72.5714,1664,3085.33,Low
CUST100225,Customer 0225,Mumbai,19.076,72.8777,723,20476.69,Medium
CUST100226,Customer 0226,Delhi,28.7041,77.1025,135,12193.01,Medium
CUST100227,Customer 0227,Ahmedabad,23.0225,72.5714,2202,8541.14,Low
CUST100228,Customer 0228,Delhi,28.7041,77.1025,242,1966.62,Low
CUST100229,Customer 0229,Delhi,28.7041,77.1025,2168,24477.72,Low
CUST100230,Customer 0230,Pune,18.5204,73.8567,3450,14723.3,Low
CUST100231,Customer 0231,Bangalore,12.9716,77.5946,3635,5908.52,Low
CUST100232,Customer 0232,Mumbai,19.076,72.8777,1771,3943.89,Low
CUST100233,Customer 0233,Chennai,13.0827,80.2707,2372,10848.57,Low
CUST100234,Customer 0234,Bangalore,12.9716,77.5946,2719,11520.43,Low
CUST100235,Customer 0235,Pune,18.5204,73.8567,1615,6956.15,Low
CUST100236,Customer 0236,Kolkata,22.5726,88.3639,2407,7790.68,Low
CUST100237,Customer 0237,Kolkata,22.5726,88.3639,2880,16769.8,Low
CUST100238,Customer 0238,Hyderabad,17.385,78.4867,127,11643.53,Medium
CUST100239,Customer 0239,Kolkata,22.5726,88.3639,2561,16932.54,Low
CUST100240,Customer 0240,Pune,18.5204,73.8567,2772,14813.5,Low
CUST100241,Customer 0241,Kolkata,22.5726,88.3639,1468,8092.93,Medium
CUST100242,Customer 0242,Kolkata,22.5726,88.3639,2893,14234.26,Low
CUST100243,Customer 0243,Mumbai,19.076,72.8777,234,12139.7,Low
CUST100244,Customer 0244,Delhi,28.7041,77.1025,663,26176.83,Low
CUST100245,Customer 0245,Hyderabad,17.385,78.4867,1838,16478.01,Low
CUST100246,Customer 0246,Kolkata,22.5726,88.3639,2316,10737.36,Low
CUST100247,Customer 0247,Ahmedabad,23.0225,72.5714,699,30666.67,Medium
CUST100248,Customer 0248,Hyderabad,17.385,78.4867,2955,2338.63,Medium
CUST100249,Customer 0249,Hyderabad,17.385,78.4867,1629,17109.51,Low
CUST100250,Customer 0250,Kolkata,22.5726,88.3639,2004,4858.3,Low
CUST100251,Customer 0251,Ahmedabad,23.0225,72.5714,3631,2778.55,Low
CUST100252,Customer 0252,Delhi,28.7041,77.1025,2375,5243.43,Low
CUST100253,Customer 0253,Mumbai,19.076,72.8777,1979,13279.29,Low
CUST100254,Customer 0254,Pune,18.5204,73.8567,2645,7187.86,Medium
CUST100255,Customer 0255,Kolkata,22.5726,88.3639,2570,14182.69,Low
CUST100256,Customer 0256,Kolkata,22.5726,88.3639,882,24675.08,Low
CUST100257,Customer 0257,Bangalore,12.9716,77.5946,1861,8718.68,Low
CUST100258,Customer 0258,Hyderabad,17.385,78.4867,3460,8715.38,High
CUST100259,Customer 0259,Pune,18.5204,73.8567,2631,17428.61,Low
CUST100260,Customer 0260,Bangalore,12.9716,77.5946,2353,8675.67,Medium
CUST100261,Customer 0261,Hyderabad,17.385,78.4867,625,6830.32,Medium
CUST100262,Customer 0262,Mumbai,19.076,72.8777,1056,1724.2,Low
CUST100263,Customer 0263,Hyderabad,17.385,78.4867,1002,12947.83,Low
CUST100264,Customer 0264,Mumbai,19.076,72.8777,2007,9298.56,Low
CUST100265,Customer 0265,Bangalore,12.9716,77.5946,2161,5868.09,Low
CUST100266,Customer 0266,Mumbai,19.076,72.8777,2448,12652.88,Low
CUST100267,Customer 0267,Delhi,28.7041,77.1025,2611,13034.01,Medium
CUST100268,Customer 0268,Chennai,13.0827,80.2707,2045,8177.47,Low
CUST100269,Customer 0269,Bangalore,12.9716,77.5946,932,7789.25,Medium
CUST100270,Customer 0270,Chennai,13.0827,80.2707,3054,13527.81,High
CUST100271,Customer 0271,Bangalore,12.9716,77.5946,2346,11141.0,Low
CUST100272,Customer 0272,Delhi,28.7041,77.1025,1668,7840.94,Low
CUST100273,Customer 0273,Kolkata,22.5726,88.3639,1151,21474.94,Low
CUST100274,Customer 0274,Mumbai,19.076,72.8777,2104,8017.93,Low
CUST100275,Customer 0275,Mumbai,19.076,72.8777,139,10845.75,Low
CUST100276,Customer 0276,Delhi,28.7041,77.1025,803,9808.31,Medium
CUST100277,Customer 0277,Bangalore,12.9716,77.5946,2126,4674.75,Medium
CUST100278,Customer 0278,Hyderabad,17.385,78.4867,355,6811.67,Low
CUST100279,Customer 0279,Kolkata,22.5726,88.3639,2453,9005.25,Low
CUST100280,Customer 0280,Bangalore,12.9716,77.5946,2740,8043.74,Low
CUST100281,Customer 0281,Pune,18.5204,73.8567,365,7194.58,Low
CUST100282,Customer 0282,Kolkata,22.5726,88.3639,60,21630.23,Medium
CUST100283,Customer 0283,Bangalore,12.9716,77.5946,3377,8657.18,Low
CUST100284,Customer 0284,Pune,18.5204,73.8567,2477,7880.25,Low
CUST100285,Customer 0285,Ahmedabad,23.0225,72.5714,2882,4462.63,Low
CUST100286,Customer 0286,Kolkata,22.5726,88.3639,1944,4976.61,Low
CUST100287,Customer 0287,Delhi,28.7041,77.1025,3026,6263.98,Low
CUST100288,Customer 0288,Ahmedabad,23.0225,72.5714,946,15591.17,Low
CUST100289,Customer 0289,Delhi,28.7041,77.1025,2301,16997.68,Low
CUST100290,Customer 0290,Mumbai,19.076,72.8777,3291,11152.78,Medium
CUST100291,Customer 0291,Bangalore,12.9716,77.5946,2404,3553.83,Low
CUST100292,Customer 0292,Ahmedabad,23.0225,72.5714,1212,9052.59,Low
CUST100293,Customer 0293,Ahmedabad,23.0225,72.5714,34,10315.93,Low
CUST100294,Customer 0294,Kolkata,22.5726,88.3639,72,5771.76,Low
CUST100295,Customer 0295,Ahmedabad,23.0225,72.5714,3130,6617.98,Medium
CUST100296,Customer 0296,Chennai,13.0827,80.2707,1117,33519.09,Low
CUST100297,Customer 0297,Pune,18.5204,73.8567,1096,37851.37,Medium
CUST100298,Customer 0298,Pune,18.5204,73.8567,2272,11058.17,Low
CUST100299,Customer 0299,Delhi,28.7041,77.1025,961,9933.96,Low
CUST100300,Customer 0300,Mumbai,19.076,72.8777,438,11711.75,Low
CUST100301,Customer 0301,Kolkata,22.5726,88.3639,3225,6655.05,Low
CUST100302,Customer 0302,Mumbai,19.076,72.8777,3256,11377.08,Low
CUST100303,Customer 0303,Ahmedabad,23.0225,72.5714,2559,2035.81,Low
CUST100304,Customer 0304,Hyderabad,17.385,78.4867,840,4441.85,Low
CUST100305,Customer 0305,Mumbai,19.076,72.8777,3345,3861.32,Low
CUST100306,Customer 0306,Mumbai,19.076,72.8777,3461,6349.96,Low
CUST100307,Customer 0307,Pune,18.5204,73.8567,64,14161.15,Low
CUST100308,Customer 0308,Pune,18.5204,73.8567,842,6373.8,Low
CUST100309,Customer 0309,Pune,18.5204,73.8567,1868,16109.12,Low
CUST100310,Customer 0310,Ahmedabad,23.0225,72.5714,3135,4860.84,Low
CUST100311,Customer 0311,Delhi,28.7041,77.1025,3310,14281.12,Low
CUST100312,Customer 0312,Mumbai,19.076,72.8777,3499,5159.95,Low
CUST100313,Customer 0313,Chennai,13.0827,80.2707,1121,16017.19,Low
CUST100314,Customer 0314,Ahmedabad,23.0225,72.5714,461,13839.7,Low
CUST100315,Customer 0315,Delhi,28.7041,77.1025,191,6923.82,High
CUST100316,Customer 0316,Mumbai,19.076,72.8777,2064,5640.68,Low
CUST100317,Customer 0317,Pune,18.5204,73.8567,2208,12973.05,Low
CUST100318,Customer 0318,Hyderabad,17.385,78.4867,1930,17418.51,Low
CUST100319,Customer 0319,Chennai,13.0827,80.2707,1949,18671.06,Low
CUST100320,Customer 0320,Hyderabad,17.385,78.4867,3200,7683.57,Low
CUST100321,Customer 0321,Chennai,13.0827,80.2707,2318,20432.43,Low
CUST100322,Customer 0322,Ahmedabad,23.0225,72.5714,1086,6861.3,Low
CUST100323,Customer 0323,Hyderabad,17.385,78.4867,1533,11791.03,Low
CUST100324,Customer 0324,Ahmedabad,23.0225,72.5714,137,5477.3,Low
CUST100325,Customer 0325,Pune,18.5204,73.8567,3196,26087.01,Low
CUST100326,Customer 0326,Hyderabad,17.385,78.4867,1314,11249.83,Low
CUST100327,Customer 0327,Ahmedabad,23.0225,72.5714,1791,5374.34,Low
CUST100328,Customer 0328,Bangalore,12.9716,77.5946,2086,27937.75,Low
CUST100329,Customer 0329,Bangalore,12.9716,77.5946,814,11997.74,Low
CUST100330,Customer 0330,Hyderabad,17.385,78.4867,3098,5467.28,Low
CUST100331,Customer 0331,Delhi,28.7041,77.1025,3055,7886.3,Low
CUST100332,Customer 0332,Mumbai,19.076,72.8777,2084,14492.1,Low
CUST100333,Customer 0333,Kolkata,22.5726,88.3639,655,5773.17,Low
CUST100334,Customer 0334,Mumbai,19.076,72.8777,2878,17187.95,Medium
CUST100335,Customer 0335,Kolkata,22.5726,88.3639,1718,8691.38,Low
CUST100336,Customer 0336,Ahmedabad,23.0225,72.5714,3639,20010.77,Low
CUST100337,Customer 0337,Kolkata,22.5726,88.3639,3077,11657.41,Low
CUST100338,Customer 0338,Hyderabad,17.385,78.4867,1329,9278.06,Low
CUST100339,Customer 0339,Bangalore,12.9716,77.5946,2733,5477.75,Medium
CUST100340,Customer 0340,Mumbai,19.076,72.8777,107,19135.36,Low
CUST100341,Customer 0341,Delhi,28.7041,77.1025,2721,11301.49,Low
CUST100342,Customer 0342,Chennai,13.0827,80.2707,3629,11879.39,Low
CUST100343,Customer 0343,Bangalore,12.9716,77.5946,3548,7331.12,Low
CUST100344,Customer 0344,Kolkata,22.5726,88.3639,374,11483.64,Low
CUST100345,Customer 0345,Ahmedabad,23.0225,72.5714,2258,8527.69,Low
CUST100346,Customer 0346,Mumbai,19.076,72.8777,1050,12330.52,Low
CUST100347,Customer 0347,Delhi,28.7041,77.1025,70,7073.09,Low
CUST100348,Customer 0348,Ahmedabad,23.0225,72.5714,140,27425.63,Low
CUST100349,Customer 0349,Mumbai,19.076,72.8777,117,5022.23,Medium
CUST100350,Customer 0350,Mumbai,19.076,72.8777,2332,17962.79,Low
CUST100351,Customer 0351,Mumbai,19.076,72.8777,2874,4161.28,Low
CUST100352,Customer 0352,Delhi,28.7041,77.1025,225,9256.04,Medium
CUST100353,Customer 0353,Bangalore,12.9716,77.5946,2718,16834.52,Low
CUST100354,Customer 0354,Delhi,28.7041,77.1025,1233,17969.92,Low
CUST100355,Customer 0355,Delhi,28.7041,77.1025,1122,22189.57,Low
CUST100356,Customer 0356,Ahmedabad,23.0225,72.5714,1571,18895.28,Low
CUST100357,Customer 0357,Kolkata,22.5726,88.3639,787,4404.23,Medium
CUST100358,Customer 0358,Ahmedabad,23.0225,72.5714,344,38349.21,Low
CUST100359,Customer 0359,Hyderabad,17.385,78.4867,146,9456.34,Medium
CUST100360,Customer 0360,Pune,18.5204,73.8567,1510,9691.81,Low
CUST100361,Customer 0361,Hyderabad,17.385,78.4867,999,10235.77,Low
CUST100362,Customer 0362,Hyderabad,17.385,78.4867,624,6892.56,High
CUST100363,Customer 0363,Delhi,28.7041,77.1025,1192,17712.22,Low
CUST100364,Customer 0364,Chennai,13.0827,80.2707,140,2183.13,Low
CUST100365,Customer 0365,Ahmedabad,23.0225,72.5714,2993,2032.26,Medium
CUST100366,Customer 0366,Chennai,13.0827,80.2707,2554,4285.27,High
CUST100367,Customer 0367,Kolkata,22.5726,88.3639,3039,18925.92,Low
CUST100368,Customer 0368,Ahmedabad,23.0225,72.5714,1459,3608.12,High
CUST100369,Customer 0369,Ahmedabad,23.0225,72.5714,3531,16038.1,Low
CUST100370,Customer 0370,Pune,18.5204,73.8567,3120,10976.74,Low
CUST100371,Customer 0371,Bangalore,12.9716,77.5946,38,7631.98,Medium
CUST100372,Customer 0372,Pune,18.5204,73.8567,706,22774.79,Low
CUST100373,Customer 0373,Ahmedabad,23.0225,72.5714,1781,3020.85,Low
CUST100374,Customer 0374,Kolkata,22.5726,88.3639,2060,2809.69,Medium
CUST100375,Customer 0375,Hyderabad,17.385,78.4867,385,5352.04,Low
CUST100376,Customer 0376,Pune,18.5204,73.8567,441,5169.4,Low
CUST100377,Customer 0377,Bangalore,12.9716,77.5946,2008,2365.47,High
CUST100378,Customer 0378,Kolkata,22.5726,88.3639,3221,4564.05,Medium
CUST100379,Customer 0379,Hyderabad,17.385,78.4867,1838,18474.61,Low
CUST100380,Customer 0380,Ahmedabad,23.0225,72.5714,20,9329.06,Low
CUST100381,Customer 0381,Mumbai,19.076,72.8777,2283,20250.55,Low
CUST100382,Customer 0382,Ahmedabad,23.0225,72.5714,3411,25146.19,Low
CUST100383,Customer 0383,Hyderabad,17.385,78.4867,834,7092.12,Low
CUST100384,Customer 0384,Chennai,13.0827,80.2707,3598,7434.16,Medium
CUST100385,Customer 0385,Ahmedabad,23.0225,72.5714,3128,11309.81,Medium
CUST100386,Customer 0386,Ahmedabad,23.0225,72.5714,1786,3563.03,Low
CUST100387,Customer 0387,Mumbai,19.076,72.8777,3571,32948.12,Low
CUST100388,Customer 0388,Delhi,28.7041,77.1025,3170,6881.28,Low
CUST100389,Customer 0389,Kolkata,22.5726,88.3639,1943,9820.93,Low
CUST100390,Customer 0390,Bangalore,12.9716,77.5946,2692,19838.51,Low
CUST100391,Customer 0391,Bangalore,12.9716,77.5946,1228,14625.21,Low
CUST100392,Customer 0392,Chennai,13.0827,80.2707,964,19425.82,Low
CUST100393,Customer 0393,Delhi,28.7041,77.1025,3205,3955.62,Low
CUST100394,Customer 0394,Delhi,28.7041,77.1025,1635,6569.17,Low
CUST100395,Customer 0395,Ahmedabad,23.0225,72.5714,46,15878.84,High
CUST100396,Customer 0396,Mumbai,19.076,72.8777,602,5129.54,Low
CUST100397,Customer 0397,Chennai,13.0827,80.2707,1334,37150.21,Low
CUST100398,Customer 0398,Chennai,13.0827,80.2707,1601,7561.24,Medium
CUST100399,Customer 0399,Delhi,28.7041,77.1025,2097,3141.94,Medium
CUST100400,Customer 0400,Kolkata,22.5726,88.3639,3228,13982.27,Low
CUST100401,Customer 0401,Delhi,28.7041,77.1025,2149,16973.73,Medium
CUST100402,Customer 0402,Delhi,28.7041,77.1025,1203,14335.11,Low
CUST100403,Customer 0403,Ahmedabad,23.0225,72.5714,2479,11990.73,Medium
CUST100404,Customer 0404,Ahmedabad,23.0225,72.5714,2818,9663.42,Low
CUST100405,Customer 0405,Pune,18.5204,73.8567,2592,12237.99,Low
CUST100406,Customer 0406,Kolkata,22.5726,88.3639,3339,9701.4,Low
CUST100407,Customer 0407,Pune,18.5204,73.8567,2022,6330.2,Medium
CUST100408,Customer 0408,Mumbai,19.076,72.8777,1700,7132.61,Low
CUST100409,Customer 0409,Mumbai,19.076,72.8777,2074,8922.22,Medium
CUST100410,Customer 0410,Kolkata,22.5726,88.3639,2422,5880.33,Low
CUST100411,Customer 0411,Ahmedabad,23.0225,72.5714,1359,20444.3,Low
CUST100412,Customer 0412,Kolkata,22.5726,88.3639,2392,9196.1,Low
CUST100413,Customer 0413,Chennai,13.0827,80.2707,998,7433.81,Low
CUST100414,Customer 0414,Hyderabad,17.385,78.4867,3405,14212.32,Low
CUST100415,Customer 0415,Pune,18.5204,73.8567,1050,16370.45,Medium
CUST100416,Customer 0416,Ahmedabad,23.0225,72.5714,31,18404.77,Low
CUST100417,Customer 0417,Ahmedabad,23.0225,72.5714,2267,13248.74,Low
CUST100418,Customer 0418,Chennai,13.0827,80.2707,916,7587.56,Low
CUST100419,Customer 0419,Chennai,13.0827,80.2707,2936,24508.54,Low
CUST100420,Customer 0420,Delhi,28.7041,77.1025,3619,10242.93,Low
CUST100421,Customer 0421,Kolkata,22.5726,88.3639,747,4481.2,Low
CUST100422,Customer 0422,Pune,18.5204,73.8567,2214,9547.28,Medium
CUST100423,Customer 0423,Kolkata,22.5726,88.3639,1833,12339.73,High
CUST100424,Customer 0424,Ahmedabad,23.0225,72.5714,1572,7390.08,Medium
CUST100425,Customer 0425,Hyderabad,17.385,78.4867,3463,9278.83,Low
CUST100426,Customer 0426,Mumbai,19.076,72.8777,878,4791.9,Low
CUST100427,Customer 0427,Delhi,28.7041,77.1025,1692,17672.26,High
CUST100428,Customer 0428,Bangalore,12.9716,77.5946,1990,9373.47,Low
CUST100429,Customer 0429,Bangalore,12.9716,77.5946,3066,4402.27,Medium
CUST100430,Customer 0430,Bangalore,12.9716,77.5946,2265,23149.6,Low
CUST100431,Customer 0431,Delhi,28.7041,77.1025,1093,12526.88,Medium
CUST100432,Customer 0432,Hyderabad,17.385,78.4867,600,9233.41,Low
CUST100433,Customer 0433,Hyderabad,17.385,78.4867,3643,15439.79,Low
CUST100434,Customer 0434,Pune,18.5204,73.8567,702,21917.21,Low
CUST100435,Customer 0435,Mumbai,19.076,72.8777,387,21083.94,Low
CUST100436,Customer 0436,Chennai,13.0827,80.2707,2263,14209.24,Low
CUST100437,Customer 0437,Bangalore,12.9716,77.5946,1269,13236.7,Low
CUST100438,Customer 0438,Kolkata,22.5726,88.3639,3013,3317.68,Low
CUST100439,Customer 0439,Mumbai,19.076,72.8777,1023,17606.94,Low
CUST100440,Customer 0440,Chennai,13.0827,80.2707,1097,2920.65,Low
CUST100441,Customer 0441,Delhi,28.7041,77.1025,81,29310.72,Low
CUST100442,Customer 0442,Hyderabad,17.385,78.4867,3576,8343.98,Medium
CUST100443,Customer 0443,Ahmedabad,23.0225,72.5714,1577,20735.61,Medium
CUST100444,Customer 0444,Chennai,13.0827,80.2707,3506,16285.27,Low
CUST100445,Customer 0445,Pune,18.5204,73.8567,223,7104.74,High
CUST100446,Customer 0446,Delhi,28.7041,77.1025,3127,13781.12,Low
CUST100447,Customer 0447,Kolkata,22.5726,88.3639,601,3649.67,Low
CUST100448,Customer 0448,Ahmedabad,23.0225,72.5714,945,10091.44,Medium
CUST100449,Customer 0449,Mumbai,19.076,72.8777,2053,11080.16,High
CUST100450,Customer 0450,Ahmedabad,23.0225,72.5714,1959,6337.69,Low
CUST100451,Customer 0451,Kolkata,22.5726,88.3639,2173,3935.24,Low
CUST100452,Customer 0452,Delhi,28.7041,77.1025,99,4945.38,High
CUST100453,Customer 0453,Delhi,28.7041,77.1025,152,7757.15,Low
CUST100454,Customer 0454,Kolkata,22.5726,88.3639,2004,8016.07,Low
CUST100455,Customer 0455,Hyderabad,17.385,78.4867,644,11060.93,Medium
CUST100456,Customer 0456,Ahmedabad,23.0225,72.5714,1297,6974.37,Medium
CUST100457,Customer 0457,Delhi,28.7041,77.1025,1893,7311.68,Medium
CUST100458,Customer 0458,Mumbai,19.076,72.8777,2064,19478.47,Low
CUST100459,Customer 0459,Pune,18.5204,73.8567,217,21793.31,Low
CUST100460,Customer 0460,Mumbai,19.076,72.8777,524,12010.14,Low
CUST100461,Customer 0461,Chennai,13.0827,80.2707,883,25900.35,Low
CUST100462,Customer 0462,Hyderabad,17.385,78.4867,3605,7933.68,Low
CUST100463,Customer 0463,Ahmedabad,23.0225,72.5714,1334,3384.51,Low
CUST100464,Customer 0464,Pune,18.5204,73.8567,694,19142.32,Low
CUST100465,Customer 0465,Bangalore,12.9716,77.5946,2366,10508.37,Medium
CUST100466,Customer 0466,Pune,18.5204,73.8567,2971,31670.95,Low
CUST100467,Customer 0467,Chennai,13.0827,80.2707,558,4865.57,Low
CUST100468,Customer 0468,Pune,18.5204,73.8567,2150,14793.36,Low
CUST100469,Customer 0469,Delhi,28.7041,77.1025,1240,9072.27,Medium
CUST100470,Customer 0470,Delhi,28.7041,77.1025,168,3058.29,Medium
CUST100471,Customer 0471,Ahmedabad,23.0225,72.5714,2081,2535.34,High
CUST100472,Customer 0472,Delhi,28.7041,77.1025,2589,5794.79,Low
CUST100473,Customer 0473,Pune,18.5204,73.8567,3643,12200.98,Medium
CUST100474,Customer 0474,Ahmedabad,23.0225,72.5714,3198,19072.32,High
CUST100475,Customer 0475,Chennai,13.0827,80.2707,2635,21788.57,Medium
CUST100476,Customer 0476,Mumbai,19.076,72.8777,764,13801.19,Medium
CUST100477,Customer 0477,Kolkata,22.5726,88.3639,1279,4309.93,High
CUST100478,Customer 0478,Pune,18.5204,73.8567,2078,3411.33,Low
CUST100479,Customer 0479,Kolkata,22.5726,88.3639,2924,7848.16,Low
CUST100480,Customer 0480,Bangalore,12.9716,77.5946,3379,22547.73,Low
CUST100481,Customer 0481,Delhi,28.7041,77.1025,2391,1088.25,Low
CUST100482,Customer 0482,Pune,18.5204,73.8567,562,13335.48,Low
CUST100483,Customer 0483,Mumbai,19.076,72.8777,1861,25018.66,Low
CUST100484,Customer 0484,Pune,18.5204,73.8567,3165,3123.53,Medium
CUST100485,Customer 0485,Mumbai,19.076,72.8777,847,4141.33,Low
CUST100486,Customer 0486,Ahmedabad,23.0225,72.5714,3244,19323.16,Medium
CUST100487,Customer 0487,Delhi,28.7041,77.1025,2056,26269.28,Low
CUST100488,Customer 0488,Bangalore,12.9716,77.5946,2976,24192.44,Low
CUST100489,Customer 0489,Hyderabad,17.385,78.4867,3476,9713.99,Low
CUST100490,Customer 0490,Ahmedabad,23.0225,72.5714,1638,18580.57,Low
CUST100491,Customer 0491,Mumbai,19.076,72.8777,871,9634.13,Medium
CUST100492,Customer 0492,Chennai,13.0827,80.2707,3029,4798.73,Low
CUST100493,Customer 0493,Pune,18.5204,73.8567,585,4241.46,Low
CUST100494,Customer 0494,Kolkata,22.5726,88.3639,2744,3523.06,Low
CUST100495,Customer 0495,Chennai,13.0827,80.2707,2222,15985.11,Medium
CUST100496,Customer 0496,Bangalore,12.9716,77.5946,1400,18342.81,Medium
CUST100497,Customer 0497,Kolkata,22.5726,88.3639,629,7636.37,Medium
CUST100498,Customer 0498,Delhi,28.7041,77.1025,978,10958.28,Low
CUST100499,Customer 0499,Pune,18.5204,73.8567,1053,11671.06,Low
CUST100500,Customer 0500,Ahmedabad,23.0225,72.5714,2542,7840.82,High
CUST100501,Customer 0501,Pune,18.5204,73.8567,2894,11963.11,Low
CUST100502,Customer 0502,Pune,18.5204,73.8567,285,5825.45,Low
CUST100503,Customer 0503,Pune,18.5204,73.8567,1249,3424.53,Low
CUST100504,Customer 0504,Delhi,28.7041,77.1025,928,14304.55,Low
CUST100505,Customer 0505,Bangalore,12.9716,77.5946,2208,5635.93,Medium
CUST100506,Customer 0506,Ahmedabad,23.0225,72.5714,2043,15452.71,Low
CUST100507,Customer 0507,Mumbai,19.076,72.8777,1024,7088.99,Low
CUST100508,Customer 0508,Hyderabad,17.385,78.4867,95,28689.9,Low
CUST100509,Customer 0509,Pune,18.5204,73.8567,3274,10466.18,Low
CUST100510,Customer 0510,Chennai,13.0827,80.2707,312,29833.88,Medium
CUST100511,Customer 0511,Mumbai,19.076,72.8777,597,12015.02,Low
CUST100512,Customer 0512,Mumbai,19.076,72.8777,3082,9059.2,Low
CUST100513,Customer 0513,Mumbai,19.076,72.8777,2009,14324.5,Low
CUST100514,Customer 0514,Chennai,13.0827,80.2707,3301,18531.48,Medium
CUST100515,Customer 0515,Hyderabad,17.385,78.4867,713,18671.44,Low
CUST100516,Customer 0516,Chennai,13.0827,80.2707,2646,9101.6,High
CUST100517,Customer 0517,Delhi,28.7041,77.1025,3028,9150.01,Medium
CUST100518,Customer 0518,Bangalore,12.9716,77.5946,1647,18284.64,Low
CUST100519,Customer 0519,Hyderabad,17.385,78.4867,3563,16107.35,Low
CUST100520,Customer 0520,Pune,18.5204,73.8567,1364,15378.64,Medium
CUST100521,Customer 0521,Mumbai,19.076,72.8777,831,4087.85,Low
CUST100522,Customer 0522,Hyderabad,17.385,78.4867,720,20223.84,Low
CUST100523,Customer 0523,Hyderabad,17.385,78.4867,2885,32623.85,Low
CUST100524,Customer 0524,Kolkata,22.5726,88.3639,2348,19703.57,Low
CUST100525,Customer 0525,Bangalore,12.9716,77.5946,2019,4634.54,Low
CUST100526,Customer 0526,Pune,18.5204,73.8567,971,12837.78,Low
CUST100527,Customer 0527,Bangalore,12.9716,77.5946,1036,15270.52,Low
CUST100528,Customer 0528,Mumbai,19.076,72.8777,1957,11052.71,Medium
CUST100529,Customer 0529,Hyderabad,17.385,78.4867,1187,3167.23,Low
CUST100530,Customer 0530,Delhi,28.7041,77.1025,52,11822.87,Low
CUST100531,Customer 0531,Hyderabad,17.385,78.4867,1359,17282.01,Low
CUST100532,Customer 0532,Ahmedabad,23.0225,72.5714,30,18428.38,Medium
CUST100533,Customer 0533,Kolkata,22.5726,88.3639,1024,11533.79,Low
CUST100534,Customer 0534,Ahmedabad,23.0225,72.5714,333,13346.69,Low
CUST100535,Customer 0535,Ahmedabad,23.0225,72.5714,479,7898.77,Low
CUST100536,Customer 0536,Bangalore,12.9716,77.5946,382,8111.79,Low
CUST100537,Customer 0537,Chennai,13.0827,80.2707,3620,11048.66,Low
CUST100538,Customer 0538,Delhi,28.7041,77.1025,115,16525.24,Low
CUST100539,Customer 0539,Pune,18.5204,73.8567,1691,12868.26,Low
CUST100540,Customer 0540,Delhi,28.7041,77.1025,359,10238.86,Low
CUST100541,Customer 0541,Kolkata,22.5726,88.3639,3432,12965.59,Low
CUST100542,Customer 0542,Bangalore,12.9716,77.5946,3016,13459.09,Medium
CUST100543,Customer 0543,Mumbai,19.076,72.8777,454,22645.8,Low
CUST100544,Customer 0544,Mumbai,19.076,72.8777,1409,10183.32,Low
CUST100545,Customer 0545,Ahmedabad,23.0225,72.5714,2616,11485.62,Low
CUST100546,Customer 0546,Bangalore,12.9716,77.5946,2783,14623.59,Low
CUST100547,Customer 0547,Pune,18.5204,73.8567,3107,14274.45,Low
CUST100548,Customer 0548,Pune,18.5204,73.8567,1670,4241.91,High
CUST100549,Customer 0549,Ahmedabad,23.0225,72.5714,2209,4430.12,Low
CUST100550,Customer 0550,Bangalore,12.9716,77.5946,59,6750.6,Low
CUST100551,Customer 0551,Bangalore,12.9716,77.5946,3141,18897.15,Low
CUST100552,Customer 0552,Pune,18.5204,73.8567,3050,14838.21,Medium
CUST100553,Customer 0553,Hyderabad,17.385,78.4867,590,14471.48,Low
CUST100554,Customer 0554,Pune,18.5204,73.8567,640,6550.37,Low
CUST100555,Customer 0555,Kolkata,22.5726,88.3639,671,10955.41,Low
CUST100556,Customer 0556,Kolkata,22.5726,88.3639,3241,9734.98,Medium
CUST100557,Customer 0557,Hyderabad,17.385,78.4867,978,23322.25,High
CUST100558,Customer 0558,Delhi,28.7041,77.1025,779,3011.03,Low
CUST100559,Customer 0559,Mumbai,19.076,72.8777,272,6231.18,Low
CUST100560,Customer 0560,Ahmedabad,23.0225,72.5714,3248,25355.13,Low
CUST100561,Customer 0561,Bangalore,12.9716,77.5946,2516,12768.47,Low
CUST100562,Customer 0562,Pune,18.5204,73.8567,1200,7544.22,Low
CUST100563,Customer 0563,Delhi,28.7041,77.1025,45,7300.42,Low
CUST100564,Customer 0564,Kolkata,22.5726,88.3639,2482,5316.48,Medium
CUST100565,Customer 0565,Hyderabad,17.385,78.4867,1814,6437.15,Low
CUST100566,Customer 0566,Delhi,28.7041,77.1025,3620,10886.71,Low
CUST100567,Customer 0567,Delhi,28.7041,77.1025,2833,12977.23,Low
CUST100568,Customer 0568,Delhi,28.7041,77.1025,2438,17090.15,Medium
CUST100569,Customer 0569,Pune,18.5204,73.8567,351,15880.86,Low
CUST100570,Customer 0570,Chennai,13.0827,80.2707,1831,29102.59,Low
CUST100571,Customer 0571,Kolkata,22.5726,88.3639,671,14745.07,Low
CUST100572,Customer 0572,Hyderabad,17.385,78.4867,2344,11170.87,Low
CUST100573,Customer 0573,Mumbai,19.076,72.8777,320,5736.89,Low
CUST100574,Customer 0574,Ahmedabad,23.0225,72.5714,2969,11206.42,Low
CUST100575,Customer 0575,Pune,18.5204,73.8567,1433,19500.93,Low
CUST100576,Customer 0576,Pune,18.5204,73.8567,246,15160.78,Medium
CUST100577,Customer 0577,Bangalore,12.9716,77.5946,2684,11150.62,Medium
CUST100578,Customer 0578,Chennai,13.0827,80.2707,158,16616.54,Low
CUST100579,Customer 0579,Hyderabad,17.385,78.4867,2463,11970.95,Low
CUST100580,Customer 0580,Delhi,28.7041,77.1025,2841,8772.25,Low
CUST100581,Customer 0581,Kolkata,22.5726,88.3639,1533,5090.48,Low
CUST100582,Customer 0582,Ahmedabad,23.0225,72.5714,350,5846.5,Low
CUST100583,Customer 0583,Mumbai,19.076,72.8777,2818,2606.49,Medium
CUST100584,Customer 0584,Bangalore,12.9716,77.5946,3488,14340.82,Low
CUST100585,Customer 0585,Bangalore,12.9716,77.5946,3547,17115.16,Low
CUST100586,Customer 0586,Ahmedabad,23.0225,72.5714,351,10872.21,Low
CUST100587,Customer 0587,Delhi,28.7041,77.1025,253,11210.15,Low
CUST100588,Customer 0588,Kolkata,22.5726,88.3639,3297,10033.67,High
CUST100589,Customer 0589,Hyderabad,17.385,78.4867,3543,14827.2,Low
CUST100590,Customer 0590,Delhi,28.7041,77.1025,82,15082.11,Medium
CUST100591,Customer 0591,Chennai,13.0827,80.2707,2635,8074.92,Medium
CUST100592,Customer 0592,Delhi,28.7041,77.1025,2011,7494.39,Low
CUST100593,Customer 0593,Hyderabad,17.385,78.4867,1570,6610.62,Low
CUST100594,Customer 0594,Kolkata,22.5726,88.3639,104,38706.5,Low
CUST100595,Customer 0595,Kolkata,22.5726,88.3639,1143,12652.71,Low
CUST100596,Customer 0596,Mumbai,19.076,72.8777,1686,9929.11,Low
CUST100597,Customer 0597,Pune,18.5204,73.8567,3473,18160.57,Low
CUST100598,Customer 0598,Hyderabad,17.385,78.4867,3254,10212.77,Low
CUST100599,Customer 0599,Ahmedabad,23.0225,72.5714,855,14170.51,Medium
CUST100600,Customer 0600,Pune,18.5204,73.8567,3046,12626.24,Low
CUST100601,Customer 0601,Kolkata,22.5726,88.3639,263,6278.74,Low
CUST100602,Customer 0602,Kolkata,22.5726,88.3639,2720,9332.33,Low
CUST100603,Customer 0603,Kolkata,22.5726,88.3639,699,23667.61,Low
CUST100604,Customer 0604,Pune,18.5204,73.8567,1089,7215.47,Low
CUST100605,Customer 0605,Ahmedabad,23.0225,72.5714,158,2857.24,Medium
CUST100606,Customer 0606,Pune,18.5204,73.8567,199,6387.24,Low
CUST100607,Customer 0607,Bangalore,12.9716,77.5946,618,7408.63,Low
CUST100608,Customer 0608,Kolkata,22.5726,88.3639,1648,6559.36,Low
CUST100609,Customer 0609,Kolkata,22.5726,88.3639,3302,6510.9,Medium
CUST100610,Customer 0610,Pune,18.5204,73.8567,133,14045.37,Low
CUST100611,Customer 0611,Chennai,13.0827,80.2707,1607,16181.81,Low
CUST100612,Customer 0612,Bangalore,12.9716,77.5946,2540,4703.73,Low
CUST100613,Customer 0613,Mumbai,19.076,72.8777,1774,2694.85,Medium
CUST100614,Customer 0614,Pune,18.5204,73.8567,519,7374.17,Low
CUST100615,Customer 0615,Chennai,13.0827,80.2707,751,8319.84,Low
CUST100616,Customer 0616,Chennai,13.0827,80.2707,2707,5404.43,Low
CUST100617,Customer 0617,Chennai,13.0827,80.2707,3094,14916.54,Low
CUST100618,Customer 0618,Bangalore,12.9716,77.5946,251,4612.27,Low
CUST100619,Customer 0619,Ahmedabad,23.0225,72.5714,681,14379.46,Low
CUST100620,Customer 0620,Ahmedabad,23.0225,72.5714,3052,16934.9,Low
CUST100621,Customer 0621,Pune,18.5204,73.8567,1801,4200.81,Medium
CUST100622,Customer 0622,Pune,18.5204,73.8567,2567,8025.26,Low
CUST100623,Customer 0623,Bangalore,12.9716,77.5946,753,5868.15,Low
CUST100624,Customer 0624,Delhi,28.7041,77.1025,1469,8783.85,Medium
CUST100625,Customer 0625,Hyderabad,17.385,78.4867,2682,18871.5,Low
CUST100626,Customer 0626,Bangalore,12.9716,77.5946,26,14001.81,Low
CUST100627,Customer 0627,Ahmedabad,23.0225,72.5714,3641,11792.69,Low
CUST100628,Customer 0628,Pune,18.5204,73.8567,3091,10104.4,Medium
CUST100629,Customer 0629,Bangalore,12.9716,77.5946,3365,11695.64,Low
CUST100630,Customer 0630,Bangalore,12.9716,77.5946,2859,5592.27,Low
CUST100631,Customer 0631,Kolkata,22.5726,88.3639,3013,1860.37,Low
CUST100632,Customer 0632,Hyderabad,17.385,78.4867,3254,13962.12,Low
CUST100633,Customer 0633,Mumbai,19.076,72.8777,2158,6824.01,Low
CUST100634,Customer 0634,Ahmedabad,23.0225,72.5714,3281,12290.57,Low
CUST100635,Customer 0635,Hyderabad,17.385,78.4867,417,7963.07,Low
CUST100636,Customer 0636,Pune,18.5204,73.8567,3098,4065.15,High
CUST100637,Customer 0637,Bangalore,12.9716,77.5946,408,5495.61,Low
CUST100638,Customer 0638,Chennai,13.0827,80.2707,2556,7981.42,Low
CUST100639,Customer 0639,Ahmedabad,23.0225,72.5714,2407,8064.38,High
CUST100640,Customer 0640,Chennai,13.0827,80.2707,2577,18585.29,Low
CUST100641,Customer 0641,Delhi,28.7041,77.1025,3019,6447.63,Low
CUST100642,Customer 0642,Pune,18.5204,73.8567,972,12610.76,Low
CUST100643,Customer 0643,Hyderabad,17.385,78.4867,2226,5690.96,Medium
CUST100644,Customer 0644,Pune,18.5204,73.8567,128,6991.2,Low
CUST100645,Customer 0645,Bangalore,12.9716,77.5946,2431,17947.61,Low
CUST100646,Customer 0646,Kolkata,22.5726,88.3639,2217,16317.48,Low
CUST100647,Customer 0647,Chennai,13.0827,80.2707,532,15031.43,Low
CUST100648,Customer 0648,Chennai,13.0827,80.2707,2330,5194.03,Medium
CUST100649,Customer 0649,Delhi,28.7041,77.1025,3042,2288.13,High
CUST100650,Customer 0650,Kolkata,22.5726,88.3639,2471,12102.07,Low
CUST100651,Customer 0651,Bangalore,12.9716,77.5946,2170,14376.72,Low
CUST100652,Customer 0652,Kolkata,22.5726,88.3639,2179,12779.09,Low
CUST100653,Customer 0653,Pune,18.5204,73.8567,1266,12499.48,Medium
CUST100654,Customer 0654,Bangalore,12.9716,77.5946,2206,9123.29,Low
CUST100655,Customer 0655,Kolkata,22.5726,88.3639,3441,24987.29,Low
CUST100656,Customer 0656,Hyderabad,17.385,78.4867,672,5218.36,Low
CUST100657,Customer 0657,Chennai,13.0827,80.2707,244,14300.35,High
CUST100658,Customer 0658,Pune,18.5204,73.8567,2917,13496.21,Medium
CUST100659,Customer 0659,Ahmedabad,23.0225,72.5714,1496,6952.64,Low
CUST100660,Customer 0660,Chennai,13.0827,80.2707,97,5486.65,Low
CUST100661,Customer 0661,Delhi,28.7041,77.1025,1386,2772.25,Medium
CUST100662,Customer 0662,Bangalore,12.9716,77.5946,712,11764.9,Low
CUST100663,Customer 0663,Hyderabad,17.385,78.4867,3310,5994.01,Low
CUST100664,Customer 0664,Chennai,13.0827,80.2707,371,21892.48,Low
CUST100665,Customer 0665,Chennai,13.0827,80.2707,524,12362.97,Low
CUST100666,Customer 0666,Chennai,13.0827,80.2707,3185,12348.5,Low
CUST100667,Customer 0667,Hyderabad,17.385,78.4867,2530,9428.34,Low
CUST100668,Customer 0668,Mumbai,19.076,72.8777,2359,4606.88,High
CUST100669,Customer 0669,Delhi,28.7041,77.1025,1046,13842.33,Medium
CUST100670,Customer 0670,Ahmedabad,23.0225,72.5714,2989,3722.53,Low
CUST100671,Customer 0671,Mumbai,19.076,72.8777,1024,4949.34,Low
CUST100672,Customer 0672,Ahmedabad,23.0225,72.5714,3292,26390.95,Medium
CUST100673,Customer 0673,Mumbai,19.076,72.8777,236,8263.41,Low
CUST100674,Customer 0674,Ahmedabad,23.0225,72.5714,1502,8172.52,Low
CUST100675,Customer 0675,Delhi,28.7041,77.1025,2640,4663.47,Medium
CUST100676,Customer 0676,Kolkata,22.5726,88.3639,535,7525.87,High
CUST100677,Customer 0677,Mumbai,19.076,72.8777,2557,12774.07,Medium
CUST100678,Customer 0678,Chennai,13.0827,80.2707,2823,36932.64,Medium
CUST100679,Customer 0679,Hyderabad,17.385,78.4867,3269,8602.82,Low
CUST100680,Customer 0680,Pune,18.5204,73.8567,3400,19742.09,Low
CUST100681,Customer 0681,Bangalore,12.9716,77.5946,2984,6962.91,Low
CUST100682,Customer 0682,Bangalore,12.9716,77.5946,2076,4812.12,Low
CUST100683,Customer 0683,Chennai,13.0827,80.2707,1216,9451.03,Low
CUST100684,Customer 0684,Chennai,13.0827,80.2707,840,14119.72,Medium
CUST100685,Customer 0685,Bangalore,12.9716,77.5946,980,4002.52,Medium
CUST100686,Customer 0686,Mumbai,19.076,72.8777,1151,5277.85,Medium
CUST100687,Customer 0687,Pune,18.5204,73.8567,1785,27939.33,Medium
CUST100688,Customer 0688,Kolkata,22.5726,88.3639,408,20053.96,Low
CUST100689,Customer 0689,Pune,18.5204,73.8567,2194,8800.33,Low
CUST100690,Customer 0690,Bangalore,12.9716,77.5946,846,7781.55,Low
CUST100691,Customer 0691,Hyderabad,17.385,78.4867,982,4897.42,Low
CUST100692,Customer 0692,Bangalore,12.9716,77.5946,1895,7577.3,Medium
CUST100693,Customer 0693,Pune,18.5204,73.8567,1910,16540.83,Medium
CUST100694,Customer 0694,Chennai,13.0827,80.2707,1459,8198.65,Low
CUST100695,Customer 0695,Ahmedabad,23.0225,72.5714,1966,14506.62,Low
CUST100696,Customer 0696,Chennai,13.0827,80.2707,2974,4704.47,Medium
CUST100697,Customer 0697,Ahmedabad,23.0225,72.5714,3341,755.25,Low
CUST100698,Customer 0698,Hyderabad,17.385,78.4867,3376,9649.78,Medium
CUST100699,Customer 0699,Hyderabad,17.385,78.4867,1215,7912.12,Low
CUST100700,Customer 0700,Chennai,13.0827,80.2707,1629,8561.99,Low
CUST100701,Customer 0701,Kolkata,22.5726,88.3639,557,5569.62,Low
CUST100702,Customer 0702,Delhi,28.7041,77.1025,915,5571.56,Low
CUST100703,Customer 0703,Bangalore,12.9716,77.5946,3263,20181.71,Low
CUST100704,Customer 0704,Kolkata,22.5726,88.3639,850,9178.69,Low
CUST100705,Customer 0705,Ahmedabad,23.0225,72.5714,1729,11532.12,Low
CUST100706,Customer 0706,Ahmedabad,23.0225,72.5714,3614,7780.85,Low
CUST100707,Customer 0707,Hyderabad,17.385,78.4867,2020,16239.92,Low
CUST100708,Customer 0708,Mumbai,19.076,72.8777,3284,8932.55,Low
CUST100709,Customer 0709,Delhi,28.7041,77.1025,953,3369.45,Low
CUST100710,Customer 0710,Pune,18.5204,73.8567,2371,7570.67,Low
CUST100711,Customer 0711,Kolkata,22.5726,88.3639,3212,6076.94,Low
CUST100712,Customer 0712,Bangalore,12.9716,77.5946,380,15174.59,Low
CUST100713,Customer 0713,Pune,18.5204,73.8567,393,6142.85,Low
CUST100714,Customer 0714,Hyderabad,17.385,78.4867,2346,9629.79,Low
CUST100715,Customer 0715,Ahmedabad,23.0225,72.5714,582,13720.02,Low
CUST100716,Customer 0716,Kolkata,22.5726,88.3639,186,15864.75,High
CUST100717,Customer 0717,Delhi,28.7041,77.1025,975,14688.35,Low
CUST100718,Customer 0718,Pune,18.5204,73.8567,3598,8068.98,Medium
CUST100719,Customer 0719,Pune,18.5204,73.8567,3193,9407.76,Low
CUST100720,Customer 0720,Bangalore,12.9716,77.5946,444,9767.63,Medium
CUST100721,Customer 0721,Pune,18.5204,73.8567,3167,18101.91,Low
CUST100722,Customer 0722,Pune,18.5204,73.8567,580,6768.32,Low
CUST100723,Customer 0723,Chennai,13.0827,80.2707,1737,10578.06,Medium
CUST100724,Customer 0724,Ahmedabad,23.0225,72.5714,2334,23298.76,High
CUST100725,Customer 0725,Ahmedabad,23.0225,72.5714,2440,16751.74,Low
CUST100726,Customer 0726,Chennai,13.0827,80.2707,2801,16871.29,Low
CUST100727,Customer 0727,Ahmedabad,23.0225,72.5714,1759,7735.85,Low
CUST100728,Customer 0728,Mumbai,19.076,72.8777,2737,6771.82,Low
CUST100729,Customer 0729,Mumbai,19.076,72.8777,3107,27624.04,Medium
CUST100730,Customer 0730,Pune,18.5204,73.8567,2001,30036.08,Medium
CUST100731,Customer 0731,Kolkata,22.5726,88.3639,1587,5487.92,High
CUST100732,Customer 0732,Ahmedabad,23.0225,72.5714,2658,10631.45,Low
CUST100733,Customer 0733,Mumbai,19.076,72.8777,1460,11423.78,Low
CUST100734,Customer 0734,Hyderabad,17.385,78.4867,485,3760.14,Medium
CUST100735,Customer 0735,Pune,18.5204,73.8567,494,20462.02,Low
CUST100736,Customer 0736,Pune,18.5204,73.8567,1977,14570.81,Low
CUST100737,Customer 0737,Kolkata,22.5726,88.3639,1243,14156.55,Low
CUST100738,Customer 0738,Kolkata,22.5726,88.3639,2832,6038.38,Low
CUST100739,Customer 0739,Chennai,13.0827,80.2707,2934,9024.44,Low
CUST100740,Customer 0740,Ahmedabad,23.0225,72.5714,2986,14146.24,Low
CUST100741,Customer 0741,Delhi,28.7041,77.1025,1024,5565.13,Medium
CUST100742,Customer 0742,Kolkata,22.5726,88.3639,3023,13679.75,Low
CUST100743,Customer 0743,Chennai,13.0827,80.2707,1820,11967.22,Low
CUST100744,Customer 0744,Pune,18.5204,73.8567,3097,12321.3,Low
CUST100745,Customer 0745,Pune,18.5204,73.8567,3190,5123.26,Low
CUST100746,Customer 0746,Delhi,28.7041,77.1025,1768,13716.08,Low
CUST100747,Customer 0747,Kolkata,22.5726,88.3639,1570,7711.6,Low
CUST100748,Customer 0748,Ahmedabad,23.0225,72.5714,236,14748.02,Low
CUST100749,Customer 0749,Hyderabad,17.385,78.4867,3558,14148.98,Low
CUST100750,Customer 0750,Pune,18.5204,73.8567,3458,9201.65,Low
CUST100751,Customer 0751,Kolkata,22.5726,88.3639,3000,4131.4,Low
CUST100752,Customer 0752,Hyderabad,17.385,78.4867,991,19421.62,Low
CUST100753,Customer 0753,Kolkata,22.5726,88.3639,485,3186.8,Low
CUST100754,Customer 0754,Chennai,13.0827,80.2707,1251,11757.18,High
CUST100755,Customer 0755,Chennai,13.0827,80.2707,990,17301.76,Medium
CUST100756,Customer 0756,Ahmedabad,23.0225,72.5714,347,9601.01,Low
CUST100757,Customer 0757,Bangalore,12.9716,77.5946,3010,29068.6,Low
CUST100758,Customer 0758,Pune,18.5204,73.8567,2677,3189.85,Low
CUST100759,Customer 0759,Hyderabad,17.385,78.4867,940,8723.85,Low
CUST100760,Customer 0760,Ahmedabad,23.0225,72.5714,1080,6834.94,Medium
CUST100761,Customer 0761,Pune,18.5204,73.8567,2258,17398.93,Low
CUST100762,Customer 0762,Bangalore,12.9716,77.5946,2200,8382.71,Low
CUST100763,Customer 0763,Pune,18.5204,73.8567,2284,7706.12,Low
CUST100764,Customer 0764,Delhi,28.7041,77.1025,2029,23152.14,Low
CUST100765,Customer 0765,Bangalore,12.9716,77.5946,560,12618.27,Low
CUST100766,Customer 0766,Chennai,13.0827,80.2707,2276,16324.06,Low
CUST100767,Customer 0767,Kolkata,22.5726,88.3639,1387,2956.36,Medium
CUST100768,Customer 0768,Bangalore,12.9716,77.5946,849,1635.33,Low
CUST100769,Customer 0769,Delhi,28.7041,77.1025,1692,7538.1,Low
CUST100770,Customer 0770,Mumbai,19.076,72.8777,163,10086.17,High
CUST100771,Customer 0771,Delhi,28.7041,77.1025,671,8068.89,Low
CUST100772,Customer 0772,Ahmedabad,23.0225,72.5714,1459,16359.02,Low
CUST100773,Customer 0773,Chennai,13.0827,80.2707,2341,5648.87,Medium
CUST100774,Customer 0774,Ahmedabad,23.0225,72.5714,1541,19448.94,Low
CUST100775,Customer 0775,Ahmedabad,23.0225,72.5714,3069,13041.61,High
CUST100776,Customer 0776,Pune,18.5204,73.8567,2993,6980.1,Low
CUST100777,Customer 0777,Bangalore,12.9716,77.5946,274,10540.32,Low
CUST100778,Customer 0778,Delhi,28.7041,77.1025,1236,8806.33,Medium
CUST100779,Customer 0779,Chennai,13.0827,80.2707,3058,19101.33,Low
CUST100780,Customer 0780,Chennai,13.0827,80.2707,77,5960.07,Medium
CUST100781,Customer 0781,Mumbai,19.076,72.8777,2571,18156.02,Low
CUST100782,Customer 0782,Mumbai,19.076,72.8777,3208,26196.06,Medium
CUST100783,Customer 0783,Mumbai,19.076,72.8777,3097,16217.98,Medium
CUST100784,Customer 0784,Hyderabad,17.385,78.4867,1068,6962.59,Low
CUST100785,Customer 0785,Pune,18.5204,73.8567,503,11130.82,Low
CUST100786,Customer 0786,Chennai,13.0827,80.2707,1309,20198.27,Low
CUST100787,Customer 0787,Bangalore,12.9716,77.5946,3070,18388.78,Low
CUST100788,Customer 0788,Kolkata,22.5726,88.3639,3146,14286.01,High
CUST100789,Customer 0789,Ahmedabad,23.0225,72.5714,352,2673.89,Low
CUST100790,Customer 0790,Kolkata,22.5726,88.3639,2616,6774.57,Medium
CUST100791,Customer 0791,Bangalore,12.9716,77.5946,668,9793.81,Low
CUST100792,Customer 0792,Pune,18.5204,73.8567,1583,18179.93,Low
CUST100793,Customer 0793,Ahmedabad,23.0225,72.5714,188,11167.02,Low
CUST100794,Customer 0794,Pune,18.5204,73.8567,1439,3251.43,Low
CUST100795,Customer 0795,Chennai,13.0827,80.2707,588,13684.65,Medium
CUST100796,Customer 0796,Chennai,13.0827,80.2707,3008,11630.62,Low
CUST100797,Customer 0797,Hyderabad,17.385,78.4867,1120,17754.42,Medium
CUST100798,Customer 0798,Chennai,13.0827,80.2707,2630,9320.05,Low
CUST100799,Customer 0799,Chennai,13.0827,80.2707,739,9441.17,Low
CUST100800,Customer 0800,Mumbai,19.076,72.8777,450,12783.03,Low
CUST100801,Customer 0801,Delhi,28.7041,77.1025,2810,7397.58,Medium
CUST100802,Customer 0802,Delhi,28.7041,77.1025,1885,33541.47,Low
CUST100803,Customer 0803,Delhi,28.7041,77.1025,2710,20169.66,Low
CUST100804,Customer 0804,Delhi,28.7041,77.1025,1169,11477.53,Low
CUST100805,Customer 0805,Bangalore,12.9716,77.5946,901,8767.86,Low
CUST100806,Customer 0806,Chennai,13.0827,80.2707,713,2715.06,Low
CUST100807,Customer 0807,Chennai,13.0827,80.2707,1396,7305.01,Low
CUST100808,Customer 0808,Pune,18.5204,73.8567,1822,17271.31,Medium
CUST100809,Customer 0809,Hyderabad,17.385,78.4867,192,10545.9,Medium
CUST100810,Customer 0810,Hyderabad,17.385,78.4867,916,19353.21,Low
CUST100811,Customer 0811,Delhi,28.7041,77.1025,3639,8430.18,Low
CUST100812,Customer 0812,Kolkata,22.5726,88.3639,593,4882.28,Low
CUST100813,Customer 0813,Hyderabad,17.385,78.4867,2046,17161.48,Low
CUST100814,Customer 0814,Delhi,28.7041,77.1025,2659,4721.43,Low
CUST100815,Customer 0815,Delhi,28.7041,77.1025,3331,15820.17,Low
CUST100816,Customer 0816,Kolkata,22.5726,88.3639,3062,13649.44,Low
CUST100817,Customer 0817,Bangalore,12.9716,77.5946,1720,8388.78,Low
CUST100818,Customer 0818,Chennai,13.0827,80.2707,2696,14886.99,Low
CUST100819,Customer 0819,Ahmedabad,23.0225,72.5714,2542,9346.15,Low
CUST100820,Customer 0820,Pune,18.5204,73.8567,341,5430.52,Low
CUST100821,Customer 0821,Pune,18.5204,73.8567,2712,7585.01,Medium
CUST100822,Customer 0822,Pune,18.5204,73.8567,211,23835.71,Low
CUST100823,Customer 0823,Pune,18.5204,73.8567,1876,11033.82,High
CUST100824,Customer 0824,Chennai,13.0827,80.2707,2770,37449.69,Medium
CUST100825,Customer 0825,Bangalore,12.9716,77.5946,1573,13897.04,Low
CUST100826,Customer 0826,Ahmedabad,23.0225,72.5714,1638,5073.33,Low
CUST100827,Customer 0827,Ahmedabad,23.0225,72.5714,1945,12873.75,Low
CUST100828,Customer 0828,Bangalore,12.9716,77.5946,3392,28524.78,Low
CUST100829,Customer 0829,Kolkata,22.5726,88.3639,3043,9566.12,Medium
CUST100830,Customer 0830,Kolkata,22.5726,88.3639,3375,3609.82,Low
CUST100831,Customer 0831,Chennai,13.0827,80.2707,1471,8847.8,Medium
CUST100832,Customer 0832,Pune,18.5204,73.8567,2130,19425.79,Low
CUST100833,Customer 0833,Chennai,13.0827,80.2707,1063,22592.43,Low
CUST100834,Customer 0834,Ahmedabad,23.0225,72.5714,1189,9115.32,Low
CUST100835,Customer 0835,Delhi,28.7041,77.1025,1074,2649.87,Low
CUST100836,Customer 0836,Bangalore,12.9716,77.5946,2051,6749.25,Medium
CUST100837,Customer 0837,Ahmedabad,23.0225,72.5714,1151,18932.64,High
CUST100838,Customer 0838,Mumbai,19.076,72.8777,2497,19848.65,Low
CUST100839,Customer 0839,Hyderabad,17.385,78.4867,16,5525.93,Low
CUST100840,Customer 0840,Ahmedabad,23.0225,72.5714,3525,8096.39,Low
CUST100841,Customer 0841,Ahmedabad,23.0225,72.5714,1452,7399.86,Low
CUST100842,Customer 0842,Hyderabad,17.385,78.4867,826,9357.57,Medium
CUST100843,Customer 0843,Kolkata,22.5726,88.3639,585,3172.42,Low
CUST100844,Customer 0844,Delhi,28.7041,77.1025,3285,21324.41,Low
CUST100845,Customer 0845,Kolkata,22.5726,88.3639,1064,6204.16,Low
CUST100846,Customer 0846,Kolkata,22.5726,88.3639,1409,13683.31,Low
CUST100847,Customer 0847,Mumbai,19.076,72.8777,2132,2786.41,Low
CUST100848,Customer 0848,Delhi,28.7041,77.1025,2182,3718.91,Low
CUST100849,Customer 0849,Ahmedabad,23.0225,72.5714,551,10970.73,Medium
CUST100850,Customer 0850,Delhi,28.7041,77.1025,133,10337.94,Medium
CUST100851,Customer 0851,Bangalore,12.9716,77.5946,3168,11509.33,Low
CUST100852,Customer 0852,Bangalore,12.9716,77.5946,806,10574.19,Low
CUST100853,Customer 0853,Pune,18.5204,73.8567,2488,10547.55,Low
CUST100854,Customer 0854,Pune,18.5204,73.8567,374,13477.55,Medium
CUST100855,Customer 0855,Mumbai,19.076,72.8777,1412,8079.53,Low
CUST100856,Customer 0856,Kolkata,22.5726,88.3639,3190,18812.03,Low
CUST100857,Customer 0857,Hyderabad,17.385,78.4867,3578,30223.09,Low
CUST100858,Customer 0858,Pune,18.5204,73.8567,148,11233.96,Medium
CUST100859,Customer 0859,Ahmedabad,23.0225,72.5714,1532,12699.21,Low
CUST100860,Customer 0860,Chennai,13.0827,80.2707,918,4655.07,Low
CUST100861,Customer 0861,Pune,18.5204,73.8567,2196,15342.49,Low
CUST100862,Customer 0862,Delhi,28.7041,77.1025,2161,6939.27,Low
CUST100863,Customer 0863,Ahmedabad,23.0225,72.5714,2819,26294.12,Low
CUST100864,Customer 0864,Delhi,28.7041,77.1025,2574,8899.05,Low
CUST100865,Customer 0865,Hyderabad,17.385,78.4867,2221,25650.89,Low
CUST100866,Customer 0866,Bangalore,12.9716,77.5946,3640,24467.41,High
CUST100867,Customer 0867,Delhi,28.7041,77.1025,2452,6820.06,Medium
CUST100868,Customer 0868,Hyderabad,17.385,78.4867,1970,11168.63,Low
CUST100869,Customer 0869,Delhi,28.7041,77.1025,3605,5761.09,High
CUST100870,Customer 0870,Mumbai,19.076,72.8777,591,10856.4,Low
CUST100871,Customer 0871,Ahmedabad,23.0225,72.5714,1261,5776.84,Low
CUST100872,Customer 0872,Kolkata,22.5726,88.3639,408,6940.81,Low
CUST100873,Customer 0873,Mumbai,19.076,72.8777,713,40059.81,Low
CUST100874,Customer 0874,Bangalore,12.9716,77.5946,3031,9000.09,Low
CUST100875,Customer 0875,Ahmedabad,23.0225,72.5714,613,14445.55,Low
CUST100876,Customer 0876,Chennai,13.0827,80.2707,374,15460.64,Low
CUST100877,Customer 0877,Mumbai,19.076,72.8777,2568,20237.56,Low
CUST100878,Customer 0878,Ahmedabad,23.0225,72.5714,2204,9386.13,Medium
CUST100879,Customer 0879,Hyderabad,17.385,78.4867,1356,15032.48,Low
CUST100880,Customer 0880,Mumbai,19.076,72.8777,2344,33004.52,Low
CUST100881,Customer 0881,Ahmedabad,23.0225,72.5714,1237,13962.89,Low
CUST100882,Customer 0882,Pune,18.5204,73.8567,3628,18182.27,High
CUST100883,Customer 0883,Ahmedabad,23.0225,72.5714,2704,14381.39,Medium
CUST100884,Customer 0884,Pune,18.5204,73.8567,3373,14397.0,Low
CUST100885,Customer 0885,Delhi,28.7041,77.1025,1777,16057.47,Low
CUST100886,Customer 0886,Mumbai,19.076,72.8777,2245,20469.77,High
CUST100887,Customer 0887,Delhi,28.7041,77.1025,2251,15994.45,Low
CUST100888,Customer 0888,Mumbai,19.076,72.8777,3616,6155.87,Medium
CUST100889,Customer 0889,Delhi,28.7041,77.1025,423,10510.49,Medium
CUST100890,Customer 0890,Mumbai,19.076,72.8777,1108,6282.7,Low
CUST100891,Customer 0891,Ahmedabad,23.0225,72.5714,2025,8778.87,Low
CUST100892,Customer 0892,Pune,18.5204,73.8567,2140,2462.65,Low
CUST100893,Customer 0893,Delhi,28.7041,77.1025,2432,12121.43,Low
CUST100894,Customer 0894,Kolkata,22.5726,88.3639,3461,9538.37,Medium
CUST100895,Customer 0895,Kolkata,22.5726,88.3639,1046,11214.77,Medium
CUST100896,Customer 0896,Chennai,13.0827,80.2707,1960,6390.14,Low
CUST100897,Customer 0897,Delhi,28.7041,77.1025,983,5629.81,High
CUST100898,Customer 0898,Bangalore,12.9716,77.5946,1600,8949.6,Low
CUST100899,Customer 0899,Ahmedabad,23.0225,72.5714,2378,15361.68,Low
CUST100900,Customer 0900,Ahmedabad,23.0225,72.5714,1703,11062.95,Low
CUST100901,Customer 0901,Delhi,28.7041,77.1025,3394,12583.01,Medium
CUST100902,Customer 0902,Delhi,28.7041,77.1025,2088,10718.77,Low
CUST100903,Customer 0903,Mumbai,19.076,72.8777,3091,18657.85,Low
CUST100904,Customer 0904,Mumbai,19.076,72.8777,1599,12095.6,Low
CUST100905,Customer 0905,Hyderabad,17.385,78.4867,2469,7766.81,Low
CUST100906,Customer 0906,Pune,18.5204,73.8567,62,12287.84,Low
CUST100907,Customer 0907,Bangalore,12.9716,77.5946,1238,22348.17,Low
CUST100908,Customer 0908,Chennai,13.0827,80.2707,2833,10500.49,Low
CUST100909,Customer 0909,Chennai,13.0827,80.2707,859,2781.66,Low
CUST100910,Customer 0910,Ahmedabad,23.0225,72.5714,1108,6925.4,Low
CUST100911,Customer 0911,Mumbai,19.076,72.8777,1274,3443.23,Medium
CUST100912,Customer 0912,Delhi,28.7041,77.1025,3235,15871.33,Low
CUST100913,Customer 0913,Hyderabad,17.385,78.4867,1121,24857.72,Medium
CUST100914,Customer 0914,Bangalore,12.9716,77.5946,1970,14117.57,Low
CUST100915,Customer 0915,Mumbai,19.076,72.8777,677,9570.68,Low
CUST100916,Customer 0916,Hyderabad,17.385,78.4867,2634,11920.59,Medium
CUST100917,Customer 0917,Chennai,13.0827,80.2707,1485,5161.13,Low
CUST100918,Customer 0918,Chennai,13.0827,80.2707,2968,9949.48,Medium
CUST100919,Customer 0919,Hyderabad,17.385,78.4867,3649,15427.49,High
CUST100920,Customer 0920,Kolkata,22.5726,88.3639,3502,16250.61,Medium
CUST100921,Customer 0921,Chennai,13.0827,80.2707,3008,11407.51,Medium
CUST100922,Customer 0922,Delhi,28.7041,77.1025,32,14678.45,Medium
CUST100923,Customer 0923,Hyderabad,17.385,78.4867,3617,8483.54,Low
CUST100924,Customer 0924,Bangalore,12.9716,77.5946,1818,13481.04,Medium
CUST100925,Customer 0925,Pune,18.5204,73.8567,3036,11730.63,Low
CUST100926,Customer 0926,Ahmedabad,23.0225,72.5714,1326,9781.49,Medium
CUST100927,Customer 0927,Chennai,13.0827,80.2707,2597,7987.99,Medium
CUST100928,Customer 0928,Ahmedabad,23.0225,72.5714,1388,3749.71,Low
CUST100929,Customer 0929,Bangalore,12.9716,77.5946,1269,9356.19,Low
CUST100930,Customer 0930,Ahmedabad,23.0225,72.5714,1488,7971.53,Low
CUST100931,Customer 0931,Chennai,13.0827,80.2707,2088,23245.02,Low
CUST100932,Customer 0932,Pune,18.5204,73.8567,658,8424.48,Medium
CUST100933,Customer 0933,Mumbai,19.076,72.8777,2026,31154.76,Low
CUST100934,Customer 0934,Kolkata,22.5726,88.3639,1888,3396.14,Medium
CUST100935,Customer 0935,Pune,18.5204,73.8567,3344,16950.66,Low
CUST100936,Customer 0936,Bangalore,12.9716,77.5946,3084,19343.78,Low
CUST100937,Customer 0937,Chennai,13.0827,80.2707,2545,3991.51,Low
CUST100938,Customer 0938,Mumbai,19.076,72.8777,1098,8660.91,Low
CUST100939,Customer 0939,Kolkata,22.5726,88.3639,3394,15111.69,Low
CUST100940,Customer 0940,Delhi,28.7041,77.1025,2111,2849.47,High
CUST100941,Customer 0941,Delhi,28.7041,77.1025,567,11463.13,Low
CUST100942,Customer 0942,Hyderabad,17.385,78.4867,3183,9242.05,Low
CUST100943,Customer 0943,Pune,18.5204,73.8567,2168,5400.72,Low
CUST100944,Customer 0944,Hyderabad,17.385,78.4867,3263,17820.22,Low
CUST100945,Customer 0945,Ahmedabad,23.0225,72.5714,1411,5593.45,Low
CUST100946,Customer 0946,Kolkata,22.5726,88.3639,2287,9004.31,Low
CUST100947,Customer 0947,Delhi,28.7041,77.1025,2522,24504.53,Low
CUST100948,Customer 0948,Delhi,28.7041,77.1025,2755,12252.46,Low
CUST100949,Customer 0949,Mumbai,19.076,72.8777,2232,19564.8,Low
CUST100950,Customer 0950,Chennai,13.0827,80.2707,1707,9051.3,Low
CUST100951,Customer 0951,Ahmedabad,23.0225,72.5714,674,4272.36,Low
CUST100952,Customer 0952,Pune,18.5204,73.8567,2576,4447.44,Low
CUST100953,Customer 0953,Ahmedabad,23.0225,72.5714,2612,3665.61,Medium
CUST100954,Customer 0954,Mumbai,19.076,72.8777,982,15670.76,Medium
CUST100955,Customer 0955,Bangalore,12.9716,77.5946,3295,15727.78,Low
CUST100956,Customer 0956,Pune,18.5204,73.8567,625,10006.32,Low
CUST100957,Customer 0957,Bangalore,12.9716,77.5946,2528,3130.99,Low
CUST100958,Customer 0958,Mumbai,19.076,72.8777,525,14573.61,Low
CUST100959,Customer 0959,Chennai,13.0827,80.2707,242,11007.45,Low
CUST100960,Customer 0960,Ahmedabad,23.0225,72.5714,1123,8398.8,Low
CUST100961,Customer 0961,Mumbai,19.076,72.8777,1427,8723.04,Low
CUST100962,Customer 0962,Ahmedabad,23.0225,72.5714,3420,12938.76,Low
CUST100963,Customer 0963,Ahmedabad,23.0225,72.5714,1016,8430.09,Medium
CUST100964,Customer 0964,Ahmedabad,23.0225,72.5714,2004,6198.45,Low
CUST100965,Customer 0965,Kolkata,22.5726,88.3639,225,4380.44,Low
CUST100966,Customer 0966,Hyderabad,17.385,78.4867,1602,12971.16,Low
CUST100967,Customer 0967,Delhi,28.7041,77.1025,1786,15250.03,Low
CUST100968,Customer 0968,Kolkata,22.5726,88.3639,1853,3000.51,Low
CUST100969,Customer 0969,Hyderabad,17.385,78.4867,2793,6624.22,Low
CUST100970,Customer 0970,Bangalore,12.9716,77.5946,2334,11385.71,Low
CUST100971,Customer 0971,Pune,18.5204,73.8567,2503,13588.87,Low
CUST100972,Customer 0972,Hyderabad,17.385,78.4867,2771,9593.23,Medium
CUST100973,Customer 0973,Bangalore,12.9716,77.5946,1551,4179.72,High
CUST100974,Customer 0974,Ahmedabad,23.0225,72.5714,3509,12760.62,Low
CUST100975,Customer 0975,Kolkata,22.5726,88.3639,2388,15821.05,Low
CUST100976,Customer 0976,Chennai,13.0827,80.2707,1556,25093.72,Medium
CUST100977,Customer 0977,Kolkata,22.5726,88.3639,589,4979.18,Low
CUST100978,Customer 0978,Kolkata,22.5726,88.3639,2617,14650.99,Low
CUST100979,Customer 0979,Kolkata,22.5726,88.3639,1365,9947.79,Low
CUST100980,Customer 0980,Chennai,13.0827,80.2707,1634,6145.96,Low
CUST100981,Customer 0981,Pune,18.5204,73.8567,1844,21788.73,Low
CUST100982,Customer 0982,Kolkata,22.5726,88.3639,2507,10075.47,Low
CUST100983,Customer 0983,Mumbai,19.076,72.8777,2535,13512.55,Medium
CUST100984,Customer 0984,Hyderabad,17.385,78.4867,504,9169.16,High
CUST100985,Customer 0985,Ahmedabad,23.0225,72.5714,2811,3420.9,Low
CUST100986,Customer 0986,Kolkata,22.5726,88.3639,95,19957.57,Low
CUST100987,Customer 0987,Mumbai,19.076,72.8777,3593,13117.04,Low
CUST100988,Customer 0988,Pune,18.5204,73.8567,3336,4406.37,Low
CUST100989,Customer 0989,Mumbai,19.076,72.8777,2379,15122.64,Medium
CUST100990,Customer 0990,Bangalore,12.9716,77.5946,953,9693.1,Low
CUST100991,Customer 0991,Kolkata,22.5726,88.3639,3532,5920.38,Low
CUST100992,Customer 0992,Hyderabad,17.385,78.4867,1206,8493.03,Low
CUST100993,Customer 0993,Bangalore,12.9716,77.5946,676,6971.39,Low
CUST100994,Customer 0994,Hyderabad,17.385,78.4867,2186,4075.5,Low
CUST100995,Customer 0995,Hyderabad,17.385,78.4867,3440,3247.6,Low
CUST100996,Customer 0996,Hyderabad,17.385,78.4867,2775,21037.54,Low
CUST100997,Customer 0997,Mumbai,19.076,72.8777,3018,2407.63,Low
CUST100998,Customer 0998,Hyderabad,17.385,78.4867,3139,6229.82,Low
CUST100999,Customer 0999,Delhi,28.7041,77.1025,3359,16319.97,Low
CUST101000,Customer 1000,Pune,18.5204,73.8567,1782,8458.24,Low
CUST101001,Customer 1001,Pune,18.5204,73.8567,2881,3684.77,Low
CUST101002,Customer 1002,Chennai,13.0827,80.2707,2156,17932.87,High
CUST101003,Customer 1003,Mumbai,19.076,72.8777,2256,7862.7,Low
CUST101004,Customer 1004,Delhi,28.7041,77.1025,2384,8733.08,Low
CUST101005,Customer 1005,Chennai,13.0827,80.2707,2848,19616.6,Low
CUST101006,Customer 1006,Kolkata,22.5726,88.3639,1432,3824.29,Low
CUST101007,Customer 1007,Hyderabad,17.385,78.4867,1401,12123.94,High
CUST101008,Customer 1008,Kolkata,22.5726,88.3639,624,11280.18,Medium
CUST101009,Customer 1009,Pune,18.5204,73.8567,1923,8729.65,Low
CUST101010,Customer 1010,Kolkata,22.5726,88.3639,2478,5787.21,Low
CUST101011,Customer 1011,Kolkata,22.5726,88.3639,1992,10094.4,Low
CUST101012,Customer 1012,Ahmedabad,23.0225,72.5714,1003,6944.78,Low
CUST101013,Customer 1013,Mumbai,19.076,72.8777,299,20717.57,Low
CUST101014,Customer 1014,Chennai,13.0827,80.2707,2528,9611.39,Medium
CUST101015,Customer 1015,Hyderabad,17.385,78.4867,690,15636.57,Low
CUST101016,Customer 1016,Kolkata,22.5726,88.3639,709,6833.75,Low
CUST101017,Customer 1017,Chennai,13.0827,80.2707,2448,10891.31,Low
CUST101018,Customer 1018,Delhi,28.7041,77.1025,3166,5254.4,Low
CUST101019,Customer 1019,Bangalore,12.9716,77.5946,1848,6483.95,Medium
CUST101020,Customer 1020,Pune,18.5204,73.8567,853,15748.16,Low
CUST101021,Customer 1021,Mumbai,19.076,72.8777,1998,4784.87,Low
CUST101022,Customer 1022,Kolkata,22.5726,88.3639,1859,5123.65,Low
CUST101023,Customer 1023,Hyderabad,17.385,78.4867,1444,4597.93,Medium
CUST101024,Customer 1024,Mumbai,19.076,72.8777,3266,16645.64,Medium
CUST101025,Customer 1025,Mumbai,19.076,72.8777,3632,9106.54,Low
CUST101026,Customer 1026,Pune,18.5204,73.8567,1055,23324.87,Low
CUST101027,Customer 1027,Hyderabad,17.385,78.4867,1832,2914.29,Low
CUST101028,Customer 1028,Mumbai,19.076,72.8777,2089,14121.65,High
CUST101029,Customer 1029,Bangalore,12.9716,77.5946,3561,7362.99,Low
CUST101030,Customer 1030,Ahmedabad,23.0225,72.5714,2562,14082.79,Medium
CUST101031,Customer 1031,Mumbai,19.076,72.8777,1668,9739.03,Low
CUST101032,Customer 1032,Mumbai,19.076,72.8777,3183,16035.2,Low
CUST101033,Customer 1033,Delhi,28.7041,77.1025,1114,18247.72,Low
CUST101034,Customer 1034,Pune,18.5204,73.8567,1121,8512.87,Low
CUST101035,Customer 1035,Pune,18.5204,73.8567,3279,8381.55,Low
CUST101036,Customer 1036,Ahmedabad,23.0225,72.5714,416,9383.32,Low
CUST101037,Customer 1037,Ahmedabad,23.0225,72.5714,2130,10229.41,Medium
CUST101038,Customer 1038,Pune,18.5204,73.8567,271,5620.59,Medium
CUST101039,Customer 1039,Pune,18.5204,73.8567,570,13915.6,Low
CUST101040,Customer 1040,Hyderabad,17.385,78.4867,184,25297.21,Low
CUST101041,Customer 1041,Mumbai,19.076,72.8777,1507,1898.31,Low
CUST101042,Customer 1042,Hyderabad,17.385,78.4867,1577,16740.28,Low
CUST101043,Customer 1043,Kolkata,22.5726,88.3639,52,9291.68,Low
CUST101044,Customer 1044,Mumbai,19.076,72.8777,2545,14167.56,Low
CUST101045,Customer 1045,Kolkata,22.5726,88.3639,768,21070.51,Low
CUST101046,Customer 1046,Mumbai,19.076,72.8777,3396,28290.8,Low
CUST101047,Customer 1047,Pune,18.5204,73.8567,1201,10731.67,Low
CUST101048,Customer 1048,Ahmedabad,23.0225,72.5714,2250,9528.97,High
CUST101049,Customer 1049,Ahmedabad,23.0225,72.5714,3321,2330.54,Low
CUST101050,Customer 1050,Pune,18.5204,73.8567,1516,11936.52,Low
CUST101051,Customer 1051,Ahmedabad,23.0225,72.5714,2485,12240.13,Low
CUST101052,Customer 1052,Hyderabad,17.385,78.4867,3457,10709.05,Low
CUST101053,Customer 1053,Bangalore,12.9716,77.5946,3287,22168.25,Medium
CUST101054,Customer 1054,Hyderabad,17.385,78.4867,460,4070.79,Medium
CUST101055,Customer 1055,Kolkata,22.5726,88.3639,122,15770.92,Low
CUST101056,Customer 1056,Mumbai,19.076,72.8777,3646,5256.69,Low
CUST101057,Customer 1057,Chennai,13.0827,80.2707,3178,4046.15,Low
CUST101058,Customer 1058,Ahmedabad,23.0225,72.5714,1957,6787.74,Low
CUST101059,Customer 1059,Ahmedabad,23.0225,72.5714,1351,9707.02,Low
CUST101060,Customer 1060,Hyderabad,17.385,78.4867,3570,4909.45,Low
CUST101061,Customer 1061,Kolkata,22.5726,88.3639,2616,20946.49,Low
CUST101062,Customer 1062,Delhi,28.7041,77.1025,2346,22536.38,Low
CUST101063,Customer 1063,Delhi,28.7041,77.1025,1559,20046.14,Low
CUST101064,Customer 1064,Kolkata,22.5726,88.3639,137,8187.45,Medium
CUST101065,Customer 1065,Chennai,13.0827,80.2707,2395,12458.74,Low
CUST101066,Customer 1066,Bangalore,12.9716,77.5946,370,4130.09,Low
CUST101067,Customer 1067,Mumbai,19.076,72.8777,1358,11180.77,Low
CUST101068,Customer 1068,Delhi,28.7041,77.1025,690,17602.02,Medium
CUST101069,Customer 1069,Delhi,28.7041,77.1025,1722,18958.53,Medium
CUST101070,Customer 1070,Bangalore,12.9716,77.5946,3076,13426.84,Low
CUST101071,Customer 1071,Kolkata,22.5726,88.3639,1547,36064.91,Low
CUST101072,Customer 1072,Mumbai,19.076,72.8777,2643,6168.73,High
CUST101073,Customer 1073,Mumbai,19.076,72.8777,228,13773.07,Low
CUST101074,Customer 1074,Bangalore,12.9716,77.5946,2287,9922.84,Low
CUST101075,Customer 1075,Hyderabad,17.385,78.4867,412,6606.32,Low
CUST101076,Customer 1076,Kolkata,22.5726,88.3639,2424,30387.19,Low
CUST101077,Customer 1077,Ahmedabad,23.0225,72.5714,1167,16537.33,Low
CUST101078,Customer 1078,Hyderabad,17.385,78.4867,82,16958.56,Low
CUST101079,Customer 1079,Bangalore,12.9716,77.5946,109,24196.05,Low
CUST101080,Customer 1080,Kolkata,22.5726,88.3639,2315,9323.56,Low
CUST101081,Customer 1081,Pune,18.5204,73.8567,619,12578.75,Low
CUST101082,Customer 1082,Bangalore,12.9716,77.5946,2038,9237.36,Medium
CUST101083,Customer 1083,Hyderabad,17.385,78.4867,826,10385.19,Low
CUST101084,Customer 1084,Ahmedabad,23.0225,72.5714,92,9965.6,Low
CUST101085,Customer 1085,Bangalore,12.9716,77.5946,627,14257.39,Low
CUST101086,Customer 1086,Delhi,28.7041,77.1025,2319,10513.56,Medium
CUST101087,Customer 1087,Hyderabad,17.385,78.4867,3588,9567.84,Low
CUST101088,Customer 1088,Pune,18.5204,73.8567,1442,3241.09,Low
CUST101089,Customer 1089,Mumbai,19.076,72.8777,82,8048.38,Low
CUST101090,Customer 1090,Kolkata,22.5726,88.3639,2972,26662.16,Medium
CUST101091,Customer 1091,Delhi,28.7041,77.1025,2227,22474.02,Low
CUST101092,Customer 1092,Mumbai,19.076,72.8777,1526,13189.06,Low
CUST101093,Customer 1093,Kolkata,22.5726,88.3639,1608,14823.14,Low
CUST101094,Customer 1094,Pune,18.5204,73.8567,1399,5731.57,Low
CUST101095,Customer 1095,Chennai,13.0827,80.2707,70,6103.58,Medium
CUST101096,Customer 1096,Bangalore,12.9716,77.5946,1347,24852.32,Low
CUST101097,Customer 1097,Pune,18.5204,73.8567,1536,25297.91,Low
CUST101098,Customer 1098,Kolkata,22.5726,88.3639,1583,9814.82,Low
CUST101099,Customer 1099,Bangalore,12.9716,77.5946,2561,1403.35,Low
CUST101100,Customer 1100,Kolkata,22.5726,88.3639,2003,11282.63,High
CUST101101,Customer 1101,Pune,18.5204,73.8567,503,15781.68,Low
CUST101102,Customer 1102,Delhi,28.7041,77.1025,304,9357.02,Medium
CUST101103,Customer 1103,Ahmedabad,23.0225,72.5714,2853,18616.35,Low
CUST101104,Customer 1104,Pune,18.5204,73.8567,751,9191.82,Low
CUST101105,Customer 1105,Kolkata,22.5726,88.3639,2477,4766.41,Low
CUST101106,Customer 1106,Kolkata,22.5726,88.3639,3611,11426.21,Low
CUST101107,Customer 1107,Delhi,28.7041,77.1025,2569,8332.5,Medium
CUST101108,Customer 1108,Bangalore,12.9716,77.5946,265,10372.78,Low
CUST101109,Customer 1109,Chennai,13.0827,80.2707,884,16731.72,Low
CUST101110,Customer 1110,Chennai,13.0827,80.2707,832,10559.02,Low
CUST101111,Customer 1111,Pune,18.5204,73.8567,2991,4384.3,Low
CUST101112,Customer 1112,Bangalore,12.9716,77.5946,1017,16909.03,Low
CUST101113,Customer 1113,Delhi,28.7041,77.1025,2042,14618.8,Low
CUST101114,Customer 1114,Delhi,28.7041,77.1025,2678,5218.12,Low
CUST101115,Customer 1115,Bangalore,12.9716,77.5946,812,10000.88,Low
CUST101116,Customer 1116,Ahmedabad,23.0225,72.5714,1698,16613.71,Low
CUST101117,Customer 1117,Kolkata,22.5726,88.3639,3400,7760.92,Low
CUST101118,Customer 1118,Bangalore,12.9716,77.5946,3470,14835.12,Low
CUST101119,Customer 1119,Bangalore,12.9716,77.5946,2035,3852.6,Low
CUST101120,Customer 1120,Pune,18.5204,73.8567,2938,6337.38,Medium
CUST101121,Customer 1121,Hyderabad,17.385,78.4867,146,12809.58,Low
CUST101122,Customer 1122,Kolkata,22.5726,88.3639,96,1871.09,Medium
CUST101123,Customer 1123,Mumbai,19.076,72.8777,2528,1477.92,Low
CUST101124,Customer 1124,Chennai,13.0827,80.2707,2514,5152.22,Low
CUST101125,Customer 1125,Chennai,13.0827,80.2707,1710,24842.27,Low
CUST101126,Customer 1126,Delhi,28.7041,77.1025,1657,7014.18,Low
CUST101127,Customer 1127,Chennai,13.0827,80.2707,1434,15247.05,Low
CUST101128,Customer 1128,Kolkata,22.5726,88.3639,2677,13580.77,Low
CUST101129,Customer 1129,Delhi,28.7041,77.1025,671,2072.96,Low
CUST101130,Customer 1130,Bangalore,12.9716,77.5946,2473,14685.65,Low
CUST101131,Customer 1131,Mumbai,19.076,72.8777,3031,12848.56,Low
CUST101132,Customer 1132,Ahmedabad,23.0225,72.5714,683,5882.94,Low
CUST101133,Customer 1133,Mumbai,19.076,72.8777,3621,5809.18,Low
CUST101134,Customer 1134,Chennai,13.0827,80.2707,3208,7671.54,Low
CUST101135,Customer 1135,Kolkata,22.5726,88.3639,3463,11418.86,Low
CUST101136,Customer 1136,Kolkata,22.5726,88.3639,3256,13845.7,Medium
CUST101137,Customer 1137,Pune,18.5204,73.8567,3562,28149.28,Low
CUST101138,Customer 1138,Kolkata,22.5726,88.3639,458,13419.38,Medium
CUST101139,Customer 1139,Chennai,13.0827,80.2707,1387,18767.29,Low
CUST101140,Customer 1140,Mumbai,19.076,72.8777,248,9167.27,Low
CUST101141,Customer 1141,Chennai,13.0827,80.2707,1466,16420.56,High
CUST101142,Customer 1142,Pune,18.5204,73.8567,865,10617.65,Low
CUST101143,Customer 1143,Ahmedabad,23.0225,72.5714,80,12688.2,High
CUST101144,Customer 1144,Mumbai,19.076,72.8777,1347,8124.53,Low
CUST101145,Customer 1145,Delhi,28.7041,77.1025,830,14575.42,Medium
CUST101146,Customer 1146,Kolkata,22.5726,88.3639,260,21972.13,Low
CUST101147,Customer 1147,Mumbai,19.076,72.8777,3288,9041.93,Low
CUST101148,Customer 1148,Chennai,13.0827,80.2707,1177,13225.85,Low
CUST101149,Customer 1149,Hyderabad,17.385,78.4867,2725,19110.81,High
CUST101150,Customer 1150,Ahmedabad,23.0225,72.5714,1631,16976.2,Medium
CUST101151,Customer 1151,Mumbai,19.076,72.8777,2556,8329.47,Low
CUST101152,Customer 1152,Delhi,28.7041,77.1025,3494,6844.6,Medium
CUST101153,Customer 1153,Bangalore,12.9716,77.5946,971,8179.04,Medium
CUST101154,Customer 1154,Kolkata,22.5726,88.3639,2999,1206.57,Low
CUST101155,Customer 1155,Chennai,13.0827,80.2707,1265,4096.02,Low
CUST101156,Customer 1156,Mumbai,19.076,72.8777,3416,10107.17,Low
CUST101157,Customer 1157,Chennai,13.0827,80.2707,2882,10429.4,Low
CUST101158,Customer 1158,Kolkata,22.5726,88.3639,2392,13164.95,Low
CUST101159,Customer 1159,Ahmedabad,23.0225,72.5714,230,2504.84,Low
CUST101160,Customer 1160,Kolkata,22.5726,88.3639,1727,15248.25,Low
CUST101161,Customer 1161,Pune,18.5204,73.8567,49,9492.6,Low
CUST101162,Customer 1162,Bangalore,12.9716,77.5946,1917,7119.68,Low
CUST101163,Customer 1163,Mumbai,19.076,72.8777,3560,15513.45,Low
CUST101164,Customer 1164,Pune,18.5204,73.8567,2405,4827.52,Low
CUST101165,Customer 1165,Hyderabad,17.385,78.4867,1515,12518.63,Low
CUST101166,Customer 1166,Kolkata,22.5726,88.3639,1169,23916.09,High
CUST101167,Customer 1167,Pune,18.5204,73.8567,2371,15961.98,High
CUST101168,Customer 1168,Kolkata,22.5726,88.3639,3395,16695.48,Low
CUST101169,Customer 1169,Bangalore,12.9716,77.5946,3436,19334.76,Low
CUST101170,Customer 1170,Mumbai,19.076,72.8777,592,24063.84,Low
CUST101171,Customer 1171,Kolkata,22.5726,88.3639,2952,12723.53,Low
CUST101172,Customer 1172,Chennai,13.0827,80.2707,2784,13987.25,Low
CUST101173,Customer 1173,Hyderabad,17.385,78.4867,1822,16652.11,Low
CUST101174,Customer 1174,Delhi,28.7041,77.1025,1503,12826.78,Low
CUST101175,Customer 1175,Bangalore,12.9716,77.5946,2901,27387.13,Low
CUST101176,Customer 1176,Chennai,13.0827,80.2707,3601,9304.85,Low
CUST101177,Customer 1177,Pune,18.5204,73.8567,1858,6441.61,Low
CUST101178,Customer 1178,Mumbai,19.076,72.8777,2773,6777.22,Low
CUST101179,Customer 1179,Pune,18.5204,73.8567,404,5768.06,Low
CUST101180,Customer 1180,Ahmedabad,23.0225,72.5714,667,23986.37,Low
CUST101181,Customer 1181,Ahmedabad,23.0225,72.5714,1402,17936.2,Low
CUST101182,Customer 1182,Delhi,28.7041,77.1025,2735,4979.77,Low
CUST101183,Customer 1183,Bangalore,12.9716,77.5946,2118,4683.02,Low
CUST101184,Customer 1184,Pune,18.5204,73.8567,3459,5823.24,Low
CUST101185,Customer 1185,Chennai,13.0827,80.2707,932,3481.61,Medium
CUST101186,Customer 1186,Mumbai,19.076,72.8777,984,15233.03,Low
CUST101187,Customer 1187,Chennai,13.0827,80.2707,3561,6732.0,Low
CUST101188,Customer 1188,Kolkata,22.5726,88.3639,2397,14938.01,High
CUST101189,Customer 1189,Mumbai,19.076,72.8777,3621,9476.75,Medium
CUST101190,Customer 1190,Chennai,13.0827,80.2707,2950,3602.81,Low
CUST101191,Customer 1191,Kolkata,22.5726,88.3639,1624,7524.07,Low
CUST101192,Customer 1192,Mumbai,19.076,72.8777,2959,11109.76,Low
CUST101193,Customer 1193,Kolkata,22.5726,88.3639,375,8656.19,Low
CUST101194,Customer 1194,Mumbai,19.076,72.8777,113,16196.97,Low
CUST101195,Customer 1195,Bangalore,12.9716,77.5946,1947,7886.3,Low
CUST101196,Customer 1196,Chennai,13.0827,80.2707,1583,15455.72,Low
CUST101197,Customer 1197,Mumbai,19.076,72.8777,3357,15105.75,Low
CUST101198,Customer 1198,Delhi,28.7041,77.1025,2916,19021.89,Low
CUST101199,Customer 1199,Ahmedabad,23.0225,72.5714,3481,5308.57,Low
